"matrix.ncol...1..nrow...0.","predict(dura_clus)","predict(pace_clus)","predict(sect_clus)","predict(loud_clus)","predict(pitches_clus)","predict(timbre_clus)"
"TRAAABD128F429CF47",9,4,1,2,7,9
"TRAAAEF128F4273421",5,4,2,2,2,9
"TRAAAFD128F92F423A",6,4,1,1,8,9
"TRAAARJ128F9320760",1,3,3,2,1,9
"TRAABJV128F1460C49",2,10,3,7,9,8
"TRAABLR128F423B7E3",7,4,7,9,4,1
"TRAABVM128F92CA9DC",1,10,7,7,4,8
"TRAACER128F4290F96",6,10,2,1,3,9
"TRAACFV128F935E50B",9,10,6,10,6,1
"TRAACHN128F1489601",5,9,8,4,3,6
"TRAADLH12903CA70EE",4,4,4,5,3,8
"TRAADNA128F9331246",5,4,3,1,9,9
"TRAADQX128F422B4CF",10,10,6,2,10,2
"TRAADYB128F92D7E73",5,1,1,2,4,10
"TRAADYI128E078FB38",1,3,1,2,10,10
"TRAAENC128F1451DE9",2,4,2,10,5,1
"TRAAFMS128F933AB23",5,4,1,8,5,9
"TRAAFUJ128F933F42B",10,6,4,2,8,2
"TRAAGCZ128F93210FD",5,6,10,8,2,10
"TRAAGEC128E079252C",3,1,3,3,6,6
"TRAAGGE128F9325E2C",1,10,1,3,2,6
"TRAAGHM128EF35CF8E",5,10,5,2,4,6
"TRAAGJV128F1464090",9,9,10,7,2,10
"TRAAGMJ12903CAD7D4",1,6,7,7,2,7
"TRAAGPF12903CE027E",6,3,1,3,6,1
"TRAAGPJ128F428CD1B",1,4,2,7,7,1
"TRAAGVM128E0784D95",5,3,10,1,2,9
"TRAAHEG128E07861C3",9,1,6,4,3,4
"TRAAHRF128F92FE234",2,7,3,3,4,9
"TRAAHZP12903CA25F4",6,7,6,3,10,5
"TRAAIAE128F42AC53D",5,4,7,10,4,1
"TRAAIAX128F930531B",6,4,2,4,7,9
"TRAAIHL128F92E6DDA",2,4,7,2,6,4
"TRAAIII128F427D5D8",1,10,7,3,7,1
"TRAAJAC128F148B530",2,4,9,9,4,7
"TRAAJEK128F422F55A",10,4,4,7,10,10
"TRAAJJA12903CC518A",5,7,3,1,8,10
"TRAAJJG128F4284B27",1,4,2,3,1,6
"TRAAJMH128E0785407",1,10,7,7,10,4
"TRAAJYX128F4255568",2,2,8,2,10,1
"TRAAKAS128F4246013",3,6,7,9,9,9
"TRAAMES128F42AF068",3,10,7,8,5,1
"TRAAMFG128F92FDEA2",10,2,1,3,6,5
"TRAAMPA128F92E7D0D",9,3,6,8,3,2
"TRAAMYQ128F148B753",9,6,5,2,5,6
"TRAANBH128F9345A6C",9,9,4,1,10,8
"TRAAOIN128F9303790",10,1,10,5,3,9
"TRAAOJI128F1458DCD",5,10,2,1,3,9
"TRAAOYG128F9314996",10,4,1,1,7,10
"TRAAPCC128F42519A7",5,4,7,9,9,1
"TRAAPGF128F1458F8B",3,4,3,10,1,1
"TRAAPIV128F1493132",2,10,7,1,7,9
"TRAAPPQ128F14961F5",1,4,10,1,3,9
"TRAAQBF12903CF796B",9,2,10,9,6,7
"TRAAQCK128F92E8C33",1,10,1,3,1,10
"TRAAQIH128F428BDEA",10,10,10,1,8,10
"TRAAQUC128F9322A82",5,7,7,1,8,8
"TRAAQZQ128EF35C51A",1,4,5,1,3,8
"TRAARSF12903CD1B12",4,4,4,2,9,7
"TRAASFP128F42980BD",2,4,3,7,10,6
"TRAASGM128EF34DBB0",1,10,1,7,10,9
"TRAASQC128F93480F0",10,7,6,1,8,8
"TRAASUZ128F9314950",5,3,5,9,10,9
"TRAATIU128F4291A84",5,3,2,7,3,8
"TRAATMY128F149562F",7,4,7,2,9,1
"TRAATNJ128F42631BA",1,7,3,7,2,8
"TRAATPA128F146753C",10,4,6,1,8,9
"TRAAUEO128E0780CB9",5,6,1,9,8,6
"TRAAUGD128F42734DA",6,4,6,2,1,10
"TRAAUMN128F4273561",1,1,3,2,2,8
"TRAAUZX128F92F3D53",5,7,3,3,8,10
"TRAAVGB12903CFAA99",9,7,10,7,7,10
"TRAAVOK12903CC4773",5,7,5,3,5,8
"TRAAVOU128F422F292",5,6,3,5,3,8
"TRAAVRJ128F92FF90A",9,7,1,2,1,10
"TRAAWGY128F4298A09",10,4,3,5,8,8
"TRAAWOR128F92DF3C8",6,3,10,7,1,8
"TRAAWQD12903CAA968",9,9,6,10,1,10
"TRAAXIR128F92D1938",10,6,6,7,6,1
"TRAAXMX128F9307699",9,4,6,7,10,1
"TRAAXUY128F426BA55",10,9,10,10,7,9
"TRAAYPN128F9340DDF",5,3,6,2,6,6
"TRAAZBD128F427A97D",1,3,6,4,10,5
"TRAAZGC12903CB5DFB",2,10,3,1,2,9
"TRAAZKV12903CDDFE0",2,4,7,7,10,9
"TRAAZQW128F93430DC",6,7,1,10,9,9
"TRABAFJ128F42AF24E",5,4,1,1,10,9
"TRABBOP128F931B50D",5,4,2,1,7,8
"TRABBXU128F92FEF48",6,6,5,1,1,9
"TRABCIX128F4265903",2,6,3,2,1,6
"TRABCKL128F423A778",1,4,5,2,8,9
"TRABDTV128E0791839",2,7,5,9,8,3
"TRABEBP12903C9BA03",6,7,8,1,3,8
"TRABEKF128F42765FF",2,9,5,5,8,8
"TRABEXK12903CCE19B",1,6,3,3,4,9
"TRABFKN12903CAF61B",6,3,4,4,2,8
"TRABFZX128F4241355",5,6,5,1,3,8
"TRABGHG128F934B27E",6,4,6,7,2,9
"TRABGLK128F9338730",5,10,3,7,10,9
"TRABGMB12903CF50FE",9,4,8,1,3,10
"TRABHBA128F424CF80",1,4,7,1,3,8
"TRABHVL128F92EFB0E",6,7,2,5,10,8
"TRABHWW128F424E9D2",6,10,5,2,4,4
"TRABIPA128F1458F79",7,7,9,10,1,6
"TRABIZY128F933C696",10,4,6,5,2,6
"TRABJIX128C7196953",5,3,3,7,2,4
"TRABJWA128F9309C09",1,7,2,5,5,8
"TRABKBS128F42823EC",5,3,6,7,2,8
"TRABLGI128F42B867A",10,4,1,7,10,9
"TRABLLK128F428FFAF",2,4,3,7,1,8
"TRABLMN128E0792687",10,10,10,1,2,8
"TRABLQE128F92E5E75",6,3,6,1,10,9
"TRABLTP128F930DC6D",5,4,3,1,5,9
"TRABLYQ128F429A9F8",5,9,2,2,5,9
"TRABMZZ128F4249C60",9,3,6,1,10,8
"TRABNET128F14560AC",6,9,3,10,1,10
"TRABNEX128F92C9DEA",7,4,9,5,1,9
"TRABNLE128EF34B85D",5,3,10,1,2,10
"TRABOOL128F426E836",1,10,7,2,10,10
"TRABOXX128F92F29EB",10,10,10,7,6,4
"TRABPAU128F429C1BD",10,4,6,2,8,4
"TRABPGO128F931B50C",10,3,6,7,2,10
"TRABPHE128F42A1E65",2,6,3,1,10,8
"TRABPJW128F147295E",6,9,3,1,1,1
"TRABPUI12903CF22CE",9,10,2,5,2,8
"TRABQZK128F92F54F4",9,9,10,6,1,5
"TRABRMJ128E0780E42",6,9,5,1,3,8
"TRABRMZ128F4261DED",2,7,4,7,6,1
"TRABRRN12903CF084B",1,2,3,10,7,1
"TRABSAR128F42324A8",5,9,2,1,3,8
"TRABSEN128F424AA36",5,4,5,7,3,8
"TRABTXS128F92E2FDC",2,3,5,3,7,7
"TRABUDK128F14943F3",5,2,1,3,2,9
"TRABUIN128F93022FF",2,4,3,9,10,7
"TRABUUH128F4241346",10,6,10,2,10,8
"TRABUVN128F930633C",1,6,3,8,2,5
"TRABUZC128E078603F",1,7,5,2,10,10
"TRABVWG128F9359323",5,4,1,2,2,9
"TRABWPT128F42B06CC",10,3,1,9,7,4
"TRABXLH128F935F8E7",9,3,1,2,10,1
"TRABXPR128F92F27FE",5,6,5,1,10,8
"TRABXVE128F4284AFC",10,10,10,2,4,9
"TRABYAR128F931B1A4",1,4,7,3,7,1
"TRABYEY128F933773A",3,9,1,6,3,4
"TRABYOS12903CC4A81",6,2,1,8,4,3
"TRABYVN128F429E5CF",5,10,2,7,3,10
"TRABZCL128E0789AED",1,4,7,3,4,4
"TRABZRZ128F42628AD",2,4,3,9,5,1
"TRACASH128F931C969",1,10,1,1,3,8
"TRACBLO128E0784286",5,4,5,1,3,8
"TRACBRM128F425C2C3",9,6,1,1,2,8
"TRACBWP128C7196948",5,3,1,2,2,6
"TRACBWQ128F92F2B91",10,9,6,10,1,4
"TRACBWX128F92FD725",5,4,5,2,3,3
"TRACCEJ128F93257ED",2,6,9,10,5,3
"TRACCJA128F149A144",10,4,5,10,9,7
"TRACCSW128F148C7C3",6,3,5,9,10,4
"TRACCVZ128F4291A8A",1,10,5,1,3,8
"TRACDCZ128F4285AE0",9,3,10,10,4,1
"TRACFAP128E07862C1",6,6,3,2,8,4
"TRACFOJ128F4253EFA",1,9,7,2,5,6
"TRACFOV128F9340D81",1,4,2,2,1,8
"TRACFWQ12903CF8148",1,10,7,2,1,7
"TRACFXL128F930B28B",2,4,3,1,9,6
"TRACFZI128E0795424",6,3,6,2,2,8
"TRACHFO12903CB3009",6,4,8,7,1,10
"TRACHHH128E0788A35",9,7,6,9,3,4
"TRACHKX128F934B07A",1,1,6,3,2,7
"TRACICJ128F14ADFB8",10,4,1,1,7,9
"TRACISV12903D13877",9,7,10,2,10,6
"TRACJPW128F932CA4C",1,4,7,5,1,9
"TRACJWY12903CB7DBF",10,1,1,4,7,10
"TRACKAP128F425B741",2,7,2,3,5,4
"TRACKVZ128F4285793",5,10,2,7,9,10
"TRACKWV128F934B6B0",6,6,5,5,3,8
"TRACLHC128F9343C39",6,6,2,1,10,4
"TRACLRS12903CE9386",9,6,5,2,7,1
"TRACLRV128EF33FAB8",6,4,2,1,2,8
"TRACMCG128F92CE225",2,6,7,1,3,8
"TRACMHD128F931FB14",6,7,3,5,8,8
"TRACMMG128F146D705",6,6,10,4,3,9
"TRACMXG12903CA2541",2,6,7,3,6,5
"TRACNXS128F93395BA",5,9,2,5,3,8
"TRACNXU12903C9CDFF",2,3,1,7,1,9
"TRACOHQ128F424C5EF",2,10,2,4,3,8
"TRACOSS12903CE4724",1,3,5,10,10,1
"TRACOTY128F930BCFA",10,10,5,2,9,3
"TRACOUL128F425BDE0",5,7,3,4,10,9
"TRACPIC128E0792500",9,9,6,1,5,8
"TRACRON12903CB59E6",1,6,3,3,4,8
"TRACRTS128F9300F7E",4,3,4,4,3,8
"TRACRVJ128F14661D6",6,6,5,5,10,10
"TRACSBL128F42480E8",1,4,2,1,8,10
"TRACSIE128F427F98E",1,3,1,2,9,10
"TRACSTF128F4238A87",6,6,2,3,6,1
"TRACTHF128F4295A22",5,10,5,10,7,1
"TRACTLX128F42A51F6",3,7,9,4,5,1
"TRACTUH128F92C93A3",10,1,1,1,2,9
"TRACTWW12903CB7550",1,10,2,1,1,8
"TRACUCQ128F92FFBF7",1,4,3,7,5,4
"TRACUCT128F422BC2F",10,10,6,4,1,6
"TRACVBQ128E07855EE",10,6,8,4,3,10
"TRACVFF12903CF055A",10,10,4,2,8,9
"TRACVSS128E07846A7",10,10,6,7,3,8
"TRACWBO128F92F322F",10,9,4,1,9,10
"TRACWFA128F4265BDF",9,4,6,7,1,9
"TRACWYD128F1465B4A",2,5,6,3,9,1
"TRACXGH128F931686C",2,10,2,2,1,1
"TRACXYU128F425EEE8",5,1,6,2,7,7
"TRACYCJ128F9309246",6,6,5,8,10,5
"TRACYDP128F932BC8E",10,7,6,5,3,8
"TRACYMH12903CA01DF",5,10,2,1,8,8
"TRACYOV128F92CB613",9,7,4,9,7,5
"TRACZJA128F429E665",5,7,8,1,7,6
"TRADABC128F4274FCC",10,7,5,1,8,9
"TRADAFY128F145B77B",9,5,4,10,7,6
"TRADAYS12903CDBE0F",6,4,3,10,7,9
"TRADAZP12903D0A480",10,3,6,2,8,6
"TRADBXG12903CBDEC5",5,9,10,3,10,10
"TRADCHC128F42134B5",1,6,3,2,10,10
"TRADCIM128F427A3A1",5,9,3,9,8,4
"TRADCUZ128F92E6775",1,10,5,8,5,7
"TRADDBK128F1483FF8",10,9,5,1,7,9
"TRADDCV128F423BAB0",1,7,7,5,3,8
"TRADDRF128F145869F",2,7,1,3,3,6
"TRADDYJ128F4275431",6,10,6,8,9,9
"TRADESF128F4214D8E",5,9,10,7,8,8
"TRADFAQ128F428AC13",6,9,6,7,6,9
"TRADFID128F4267231",2,4,1,8,1,6
"TRADFII128F931FC9F",7,6,7,1,8,8
"TRADFJJ128F934857E",10,9,6,4,8,9
"TRADFOJ128F425107D",1,10,1,7,8,10
"TRADFOQ128F9335409",6,4,2,4,5,10
"TRADFQK128F422B492",4,4,4,2,5,8
"TRADFXD128F424694C",9,10,4,7,2,9
"TRADGLP128F427A172",6,4,6,1,2,10
"TRADGWP128F42618E4",3,6,9,1,1,10
"TRADGXI128F92EF28F",6,7,6,1,3,8
"TRADHGK128F428A000",5,10,1,1,2,8
"TRADHLD128F4241363",5,10,1,1,3,8
"TRADHLI128F428FEFD",9,7,4,8,3,8
"TRADHUZ128F148885D",6,3,4,4,2,10
"TRADHXU12903CB4400",6,7,5,7,5,10
"TRADJAO128F146D76E",1,4,3,4,3,9
"TRADJGI128F148B0F6",6,10,6,7,2,9
"TRADJHU128F425459F",1,10,1,8,1,8
"TRADJKG12903CE049F",5,3,2,5,8,9
"TRADJSM128F14894AA",5,6,3,3,5,9
"TRADKAX128E0786B92",6,10,8,5,3,9
"TRADKDX128F9320676",5,7,2,6,7,5
"TRADKLT128F9304E1D",1,3,10,6,5,6
"TRADLBJ128F423A031",1,2,1,9,1,4
"TRADLYD128F92FEBFF",6,10,5,1,1,9
"TRADMAJ128F92F566E",5,6,5,7,10,1
"TRADMFK12903CC2478",9,7,6,5,8,8
"TRADNRG128F4295A0E",5,3,1,10,7,7
"TRADNRU128F428AC6D",10,4,6,4,2,6
"TRADOAJ128F428DA46",5,9,9,1,10,8
"TRADODV128F4283EB6",6,6,1,3,10,4
"TRADOSF128F9338ADB",10,6,10,3,2,9
"TRADOWO12903CD9BA2",10,6,6,2,1,4
"TRADOZB128F42312BB",6,4,6,1,1,8
"TRADPDI128F92EBD32",6,10,4,9,10,9
"TRADPPX128E078B0BC",10,6,10,7,6,10
"TRADQBK128F92E8B5F",6,10,1,7,1,9
"TRADQJL128F92D9957",2,4,1,2,10,1
"TRADRED12903CA4B7C",5,6,6,1,6,6
"TRADRHX12903CCD1DF",6,4,6,2,1,10
"TRADRJK128E078F041",1,10,7,7,6,7
"TRADRNN128F92F7172",5,6,2,3,10,4
"TRADROR128F42936A4",7,10,7,1,10,6
"TRADSQZ128F42707D7",10,6,6,7,4,6
"TRADSVJ12903C9CDFA",1,10,2,2,2,9
"TRADTID128F9305BC4",6,7,5,5,8,4
"TRADUKH128F4256D1B",5,10,2,1,8,9
"TRADUOU12903CF4323",3,1,3,8,8,3
"TRADVSU128E0786371",5,4,5,2,6,9
"TRADWAU128F145622F",10,3,6,7,7,9
"TRADWOB12903C9D1EB",5,3,5,2,2,4
"TRADXCF128EF357134",6,4,6,7,9,6
"TRADXCO128F426B26D",5,6,10,2,8,10
"TRADXMA128F4276D94",9,6,4,3,2,4
"TRADXNV128F42B4DFE",1,6,5,7,10,10
"TRADYJM128F427E05B",2,6,7,10,8,9
"TRADYQK128F42A762A",1,4,7,5,3,8
"TRADZQV128F14A5760",9,9,10,2,8,8
"TRADZXK128F429DB92",10,1,4,6,2,10
"TRADZZP128F428BCE6",6,10,5,1,3,9
"TRAEADK128F4270AA6",8,10,9,9,1,7
"TRAEARU128E0781A02",2,10,2,8,1,6
"TRAEASY128F148247C",10,10,1,4,9,7
"TRAEAZV12903D0CBA6",3,3,7,7,6,6
"TRAEBXS128F429933A",5,6,5,7,8,4
"TRAECBR128F429F8C0",6,6,6,7,10,9
"TRAECSU128F426A84A",1,4,7,1,3,8
"TRAECWI128F4226133",6,7,3,1,3,8
"TRAEDXO128F421B908",3,10,2,4,2,8
"TRAEDYD128F425A868",4,6,4,4,6,5
"TRAEFDK128F1473B92",10,9,6,10,9,6
"TRAEFON128E078C6F8",2,1,3,1,5,9
"TRAEFUS12903CC2779",4,9,4,5,8,9
"TRAEGAZ128F426240C",10,8,6,10,6,7
"TRAEGGV128F92F29B2",6,7,5,7,3,9
"TRAEGUL128E078B0C1",6,6,3,10,9,9
"TRAEHNA128F423786C",2,7,3,9,2,6
"TRAEHOI12903CD02C8",5,6,1,9,6,7
"TRAEHTU128F93353E5",6,7,10,7,8,10
"TRAEHXW128F146F3C5",10,7,2,2,5,1
"TRAEHYF128F148AE0C",6,10,2,2,2,2
"TRAEIIO128F92E08FD",9,3,10,1,8,8
"TRAEJPC12903CD420E",1,4,5,7,1,6
"TRAELHH128F92CF21E",6,4,5,1,6,8
"TRAEMDH128F146B548",10,7,6,4,1,9
"TRAEMGL128F4266177",1,3,7,10,6,3
"TRAEMNZ128F9334662",2,2,1,5,4,8
"TRAEMTU128EF363016",5,6,5,2,8,10
"TRAEMXB128F429FA26",10,9,6,10,5,4
"TRAEMZO12903CC525F",1,6,7,2,2,9
"TRAENGX12903CBDFF6",2,4,7,2,7,8
"TRAENOH128F933978A",1,4,5,1,10,9
"TRAENVO128E0781A16",6,3,2,3,8,10
"TRAENYD128F424AA32",5,6,6,7,8,8
"TRAEOBA12903CAFAB0",10,10,6,9,2,4
"TRAEOGO128F93302B9",1,10,3,2,1,8
"TRAEOMS128F4262357",9,9,6,10,7,10
"TRAEOOH128F934ACD4",10,10,6,1,3,9
"TRAEOUE128F93187B9",6,7,5,7,3,9
"TRAEPAC12903CE5DC8",9,4,6,7,8,9
"TRAEPAW128F4285BAB",10,10,8,8,5,4
"TRAEPGH128F9343CD8",10,6,1,4,8,4
"TRAEPGQ128F932AE6D",10,2,10,10,6,9
"TRAEPPP128F92F11E8",5,3,6,2,10,10
"TRAEPZJ12903CB00C4",6,10,3,5,10,8
"TRAEQQE128F42920E3",10,4,5,1,1,1
"TRAEQWJ12903CF5475",5,6,3,1,9,9
"TRAEQZR128F92E9D73",9,10,10,1,7,6
"TRAEROB12903CE3E7D",4,10,6,5,1,6
"TRAERPT128F931103E",10,10,10,2,1,6
"TRAESDC12903CCEA5E",1,9,2,7,2,9
"TRAESJK128E0792227",10,3,6,1,10,2
"TRAESQE128F92D0349",5,6,6,3,8,10
"TRAESRT12903CC70CE",6,6,5,5,8,9
"TRAETAG128F93385AE",7,10,7,3,4,7
"TRAETPQ128F92E562A",10,9,10,1,5,7
"TRAETTV12903CBBD09",7,7,9,2,2,1
"TRAETYC128F933BBF4",1,10,3,9,9,10
"TRAEUHN128F92E2C7F",1,4,7,5,7,9
"TRAEUIW12903D018F0",6,6,4,2,4,10
"TRAEUVH128F422559A",6,4,5,7,4,10
"TRAEVHU128F92D9EA0",6,6,3,3,1,6
"TRAEVIA12903CC3C37",10,4,6,1,8,8
"TRAEVLO128F933DE9E",5,8,6,7,9,5
"TRAEVRI128F93608F3",6,4,10,2,2,6
"TRAEVRU128F4263351",4,2,4,3,6,4
"TRAEVTK128F9337030",6,7,3,3,3,10
"TRAEWHH128F428F3AB",6,10,5,7,8,8
"TRAEWLF128F42B1F89",5,7,5,2,10,4
"TRAEXEA128F933C67D",9,4,10,1,1,8
"TRAEXHW128F92E2602",5,3,10,2,10,10
"TRAEXTM128E07811E1",9,3,6,2,1,5
"TRAEZFJ128F422A5C0",6,4,10,1,3,9
"TRAFAAS12903CF0BE2",2,4,3,6,2,3
"TRAFABO128F933DE53",1,10,7,4,2,8
"TRAFAID128F4243DAF",5,10,5,8,10,7
"TRAFAJC128E078888B",4,7,4,10,1,6
"TRAFAQY12903CA70F7",10,10,6,4,3,9
"TRAFBML128F93163FB",6,7,6,1,3,8
"TRAFBVU128F426B3F6",2,4,3,4,3,8
"TRAFCVI128C7196BE6",5,10,5,8,6,4
"TRAFCWJ128F42515AE",1,2,7,7,6,4
"TRAFDFD128F14B07AB",9,4,6,7,2,9
"TRAFEEO12903CFEC87",3,4,3,1,10,8
"TRAFEPC128F4237505",2,6,2,8,2,6
"TRAFGKU128F42889EF",5,3,5,7,7,9
"TRAFGMJ128F930F532",5,7,3,1,10,9
"TRAFGYR128F930F410",5,4,3,4,10,4
"TRAFHJI128F9302CFF",10,3,1,4,8,10
"TRAFHKA128F429F7C0",10,7,1,1,5,10
"TRAFHWP128F9333343",1,10,3,3,5,6
"TRAFIGU12903CC70C2",6,4,6,5,2,9
"TRAFIHK12903CBDFF1",6,7,5,9,5,6
"TRAFIQB128F423DCBA",6,10,5,1,2,8
"TRAFISG128F4263F8A",9,9,4,2,2,10
"TRAFJIW128E078E1DE",5,6,1,3,10,5
"TRAFJVH128F42BC25E",5,6,10,2,8,4
"TRAFKDG12903CAB85C",1,4,1,7,6,9
"TRAFKRE128F932002B",6,3,5,4,9,9
"TRAFLMU128F4274A4D",1,1,7,2,1,4
"TRAFLZY128F148959F",10,4,1,1,3,8
"TRAFMHB12903CF4F12",6,6,5,10,4,7
"TRAFMIA128F92E2B2B",6,9,5,8,9,3
"TRAFMME128F932B4D5",9,7,6,4,3,8
"TRAFMPX128F4246C49",6,3,5,7,10,9
"TRAFNNT128F92E4E81",1,6,7,2,6,6
"TRAFOKY128F4276D91",9,10,4,9,8,5
"TRAFOKY128F92ED751",5,3,1,7,7,9
"TRAFQFD128F9343706",9,9,10,4,2,8
"TRAFQFM128E078EC97",1,7,7,9,8,4
"TRAFQVV128F4260033",5,3,1,5,8,9
"TRAFRCH12903CEA22D",9,4,4,9,2,1
"TRAFRKU128F933CE16",3,4,5,4,5,1
"TRAFRVU128F42649A6",6,10,1,1,1,8
"TRAFRYJ128F92E638B",3,7,9,1,3,6
"TRAFSLJ128F14913B0",10,9,10,2,6,4
"TRAFTCT128F425A900",10,3,6,7,2,6
"TRAFTFF128F930F77C",5,3,2,9,10,6
"TRAFTMA128F933A3D7",1,9,1,1,8,9
"TRAFTOE12903CF3F5E",9,8,6,2,9,10
"TRAFUWI128F934C730",1,7,3,1,10,9
"TRAFVDV128F42936BA",5,2,3,10,7,6
"TRAFWEV128F428D391",6,7,3,7,2,10
"TRAFWRG128F4295089",6,10,5,1,2,9
"TRAFXCP128F93182DD",4,6,4,5,10,10
"TRAFXEY128F148AECD",1,6,6,9,2,4
"TRAFXZW128F14B0914",5,9,1,2,3,9
"TRAFYAV128F42ACA8C",10,4,6,7,1,6
"TRAFYGA128F425A92C",1,4,3,3,6,6
"TRAFYGO128F42727E7",1,10,7,2,5,5
"TRAFYYU128F4229376",9,6,4,1,3,8
"TRAFZHK128F145E86B",5,6,6,1,8,9
"TRAFZIM128F427D344",9,9,4,7,3,8
"TRAFZRL128F428E465",1,4,2,2,2,6
"TRAGAAF128F9338911",1,1,3,7,10,4
"TRAGAGQ128E0781352",6,9,5,2,3,6
"TRAGALM128F4236C86",6,3,6,2,8,4
"TRAGANK128F428A5CD",9,7,6,1,8,8
"TRAGAVF128F424829B",9,4,8,4,4,9
"TRAGBHV128F4295074",9,7,6,7,2,9
"TRAGBND128F92FC400",2,6,5,10,10,1
"TRAGBOR128F92E1064",7,10,3,5,3,8
"TRAGBPI128E0792998",7,4,9,1,3,8
"TRAGCSY128F14546B1",10,4,6,1,7,8
"TRAGCTZ128F4290974",6,4,2,3,7,9
"TRAGDCN128F92F9050",1,10,3,7,2,9
"TRAGDEA128F4279040",6,6,3,1,4,9
"TRAGDFG128F42934A0",6,10,6,1,2,9
"TRAGDLM128F4233397",3,3,7,8,7,7
"TRAGDPH128F9344020",9,7,4,1,3,8
"TRAGDPS128F145F8EE",1,10,2,6,1,7
"TRAGDRH128F93182E1",4,8,4,4,3,4
"TRAGDVU12903CDCD8B",5,6,2,2,4,1
"TRAGEAS128F4258B9E",10,4,5,3,5,6
"TRAGEQI128F429154D",3,4,3,7,8,9
"TRAGETA128F4272C38",4,9,4,1,3,8
"TRAGEXH12903CB4C10",9,6,6,1,9,10
"TRAGFOI128F428E060",5,1,3,3,2,8
"TRAGFQG128F42418D5",6,3,6,7,8,6
"TRAGFVT128F92ECB5D",1,10,3,2,5,9
"TRAGGKN12903CCA8EE",6,7,3,2,8,4
"TRAGGMY12903CD9533",6,10,6,7,2,8
"TRAGGVS128F4250CE8",7,10,9,1,3,8
"TRAGHBP128E0793AF7",2,1,7,8,7,4
"TRAGHJX128F426F76F",1,3,3,2,7,6
"TRAGIKK128F42424EF",5,7,10,3,2,6
"TRAGJPA128F92F9665",2,7,7,2,2,9
"TRAGJQL128E078E840",1,1,2,2,9,1
"TRAGJYM128F934B753",9,7,4,5,3,8
"TRAGKMU128F429757E",10,10,10,7,3,9
"TRAGKMU128F9305831",10,4,5,3,5,4
"TRAGKTN128F933C68B",9,4,5,1,4,8
"TRAGKUI128F92F4698",3,1,9,1,3,8
"TRAGKXH128F933D9BB",5,3,2,2,2,10
"TRAGLAE12903CFFEED",3,4,3,2,8,8
"TRAGLFE128F428566B",5,6,3,3,2,1
"TRAGLHT12903CCDB86",1,8,5,2,7,9
"TRAGLKL12903CEDE95",9,10,10,7,6,4
"TRAGLMS128F425FE0A",6,4,5,1,1,6
"TRAGLSU128F145FFB2",5,3,3,9,5,4
"TRAGLZM128F931C995",2,10,7,1,1,9
"TRAGMXK128F9305A50",10,10,1,7,1,10
"TRAGNAX128F9313AE8",5,7,7,7,6,9
"TRAGNBQ128F149CB93",10,10,5,5,2,8
"TRAGNFZ12903CD04C2",10,3,4,4,8,9
"TRAGNGY12903C9CD76",10,10,1,2,2,6
"TRAGNUI128F1471068",6,9,3,7,2,9
"TRAGOVG128F42A963D",5,6,1,7,2,6
"TRAGPAF128EF34542A",10,3,6,1,10,8
"TRAGPEA128F422B47E",4,2,4,10,5,7
"TRAGPMR128F930C0D8",7,4,3,7,2,9
"TRAGPZS128F9332248",4,9,6,2,5,7
"TRAGQBY128F42635B7",1,6,1,8,7,4
"TRAGQQK128F42561AB",2,2,3,10,7,7
"TRAGQVO128F145C0AF",4,10,4,3,10,4
"TRAGROY128F92D2C53",6,10,1,2,7,6
"TRAGSGF128E0780CA7",1,4,7,7,7,6
"TRAGSIX128F92E0933",6,9,4,4,5,9
"TRAGSJK128F1491F0A",2,1,5,3,3,5
"TRAGSJQ128F149EF8D",10,2,6,5,3,8
"TRAGSZA128F146A11A",5,4,2,3,1,9
"TRAGTNK128F14732E1",1,10,8,4,7,10
"TRAGTUF128F42297F1",10,6,5,3,10,4
"TRAGVAO128F4289B5D",1,3,3,2,10,5
"TRAGVGB128F423098D",1,4,5,1,3,1
"TRAGVRL128F4264526",2,3,7,2,7,1
"TRAGWDA128F1473193",10,4,1,7,5,4
"TRAGWJK12903CE640F",1,1,3,1,3,10
"TRAGWMO12903CFD994",9,9,6,8,3,6
"TRAGWTT128F148CF2C",2,4,2,4,6,9
"TRAGXNU128F932C7D8",4,10,4,5,5,2
"TRAGXUZ128F9311745",4,7,4,1,8,10
"TRAGYDZ12903D0957F",1,10,2,9,6,1
"TRAGYJM128EF3466D2",6,7,3,1,3,8
"TRAGYKT128F92F5D8A",10,3,10,7,6,5
"TRAGYXL128F92F9FCB",5,6,7,7,3,10
"TRAGZCW128EF34B85B",1,4,1,2,5,1
"TRAGZHM12903CAEF3A",1,4,2,5,2,9
"TRAGZOK128F14ADF45",1,6,3,1,1,10
"TRAHBOC128F9322A62",5,7,5,2,2,9
"TRAHBOV128F92EF77A",10,4,10,5,1,8
"TRAHBQT128F4213403",4,2,4,7,1,4
"TRAHCBD128F9336A3E",10,6,5,1,1,10
"TRAHCHN128F4276D58",6,4,6,1,10,9
"TRAHCRI128F4255C6E",5,10,2,10,1,10
"TRAHCVT128F4282806",3,10,7,4,8,8
"TRAHEQC128F42153D6",1,4,8,3,5,9
"TRAHFAH12903CA7F20",5,4,3,2,10,10
"TRAHFCR128F422A375",1,7,2,2,10,3
"TRAHFHR12903CCCAF8",9,9,4,5,2,8
"TRAHFOU128F42B3F2A",4,8,4,6,8,3
"TRAHFYH128F92CE223",7,10,9,2,10,9
"TRAHHMV12903CD0B0D",5,4,2,4,2,10
"TRAHHSV128F42374E3",5,7,3,10,6,7
"TRAHIJE128F4243356",9,9,10,1,3,10
"TRAHIPA128F4279744",6,7,10,4,7,8
"TRAHIXN128F147F25D",9,4,6,3,2,10
"TRAHJCI128F92FFB38",6,6,5,10,8,4
"TRAHJPC128F4268DC7",1,1,1,2,9,6
"TRAHKMS128F934B09E",5,4,8,2,8,8
"TRAHKRO128F9320EA7",6,7,3,5,2,8
"TRAHKUS128F425ABD8",5,2,1,3,6,7
"TRAHLDM128F933A3B1",2,3,3,8,7,3
"TRAHLIF128F92E9CCF",1,10,10,1,9,8
"TRAHLNJ128F4214527",5,10,3,7,1,10
"TRAHLVW128F426684F",5,7,7,2,2,10
"TRAHMIV128F14693DC",1,6,3,2,5,8
"TRAHNPU128F42AEE9C",4,6,4,8,3,2
"TRAHOOP128F42B62AB",3,10,9,9,8,10
"TRAHORF12903CDA9FB",10,10,6,3,7,9
"TRAHPBE128F93071CF",5,7,5,9,2,4
"TRAHPHY128F9345BA0",5,4,3,8,6,5
"TRAHQYK128F426A82F",1,7,7,9,8,8
"TRAHRRS128F4282F7A",5,4,2,4,4,9
"TRAHSAW128F4253EFC",10,7,6,7,4,6
"TRAHSQL128F4288AC7",9,3,6,7,2,4
"TRAHSTL128F931708D",1,3,8,2,1,7
"TRAHTZN128F421A41F",6,10,6,2,5,6
"TRAHUQT128F4281228",9,10,4,1,3,10
"TRAHUZS12903C9D9DD",9,10,4,8,4,3
"TRAHVUK128F1456988",5,3,3,4,10,4
"TRAHVWT128F148D428",10,7,10,1,3,6
"TRAHVZW128F146477A",1,7,5,5,8,8
"TRAHWBP12903CAEBFC",2,4,7,4,8,8
"TRAHWMN128F145DB77",10,9,1,1,6,10
"TRAHWSF128F934B190",4,2,4,9,1,7
"TRAHXEG128F428F1EC",5,3,10,2,7,9
"TRAHXGG128F9350452",10,7,10,5,3,9
"TRAHXJE12903CB8095",9,9,4,10,5,6
"TRAHXWI128F428B7DA",5,6,8,3,5,4
"TRAHYDH128F9325200",6,6,3,1,10,8
"TRAHYMJ128E0787801",3,3,7,2,2,7
"TRAHYON12903CC36EF",5,1,8,8,5,7
"TRAHZIL12903CF1DC2",10,9,2,10,8,9
"TRAHZMM128E07838FF",5,3,5,2,7,9
"TRAIACZ128F428C60A",6,6,1,10,10,4
"TRAIAIH128F9308AC7",6,10,5,1,2,8
"TRAIAJU128F42581EF",6,10,6,3,2,6
"TRAIATD128F9331CD6",1,3,4,8,8,3
"TRAIBXJ128F4260700",5,6,6,4,10,10
"TRAIBXQ128F425E6A5",6,4,8,2,10,4
"TRAICIL128F42598E2",6,4,2,1,8,8
"TRAICIO12903CBD65B",6,4,5,7,2,6
"TRAICJQ12903CF2681",7,4,7,8,10,6
"TRAIDIU128F92F11C7",5,10,3,7,10,4
"TRAIELD128F92DC682",10,9,5,3,2,6
"TRAIFSM128F42722F1",10,10,6,1,9,9
"TRAIGSC128F933BBD7",10,9,6,3,6,10
"TRAIGYC128F93474E4",10,10,10,9,4,1
"TRAIHFF128EF351817",10,6,1,2,10,9
"TRAIHZO12903CC4C78",5,4,2,2,4,1
"TRAIIOG12903CD02C5",9,4,6,5,5,9
"TRAIISE128F42AE299",10,10,1,7,5,10
"TRAIJMG12903D08168",9,4,4,1,8,8
"TRAIJWN12903CF2C76",10,3,1,5,10,8
"TRAIKBB128F428AD73",9,4,6,1,2,9
"TRAIKSH128E07816DF",2,10,2,3,7,10
"TRAILKS128F14A3AC9",10,1,6,7,10,9
"TRAILLW128F4278C90",5,10,2,2,6,6
"TRAILNM12903CD17D2",2,10,7,1,10,2
"TRAILUH128E0784D6D",10,4,5,3,2,9
"TRAIMDW128F14B0B75",2,3,3,2,2,4
"TRAINGP12903C956AD",5,10,2,7,8,4
"TRAINIF128F426416B",5,6,1,7,8,4
"TRAINYU128F4246BD1",2,7,7,5,10,8
"TRAIOBB128F146A944",5,4,2,7,9,6
"TRAIOWX128F14750E5",5,7,10,7,10,6
"TRAIPBF12903D074F5",4,7,4,7,3,4
"TRAIPST128F9302AE9",3,4,2,8,9,4
"TRAIPZY128E0787299",1,10,2,7,4,9
"TRAIQDI128F92E8E1F",2,10,7,3,6,1
"TRAIQKO128F92E5970",5,3,1,7,6,10
"TRAIQMW128E07854BD",1,4,2,10,2,9
"TRAIQNF128F428386A",2,6,6,7,10,9
"TRAIQUG128F92F946E",1,7,7,8,10,9
"TRAIQVJ128F93235B3",3,4,1,4,1,9
"TRAIRLU128F92D0250",6,1,1,3,8,1
"TRAISNF128E078B72C",6,4,3,3,10,9
"TRAISYO128E07888A6",5,4,10,8,6,3
"TRAISYU128F427F486",1,4,5,2,5,10
"TRAITDY128F149431C",7,4,9,3,1,6
"TRAITHR128F42B7E26",5,10,3,6,5,3
"TRAITRS128F9308142",9,9,10,10,5,1
"TRAIUPS128F92F2825",2,9,2,5,10,8
"TRAIUYZ128F425BD2F",5,6,6,3,1,3
"TRAIVMM128F4266056",10,3,10,3,5,4
"TRAIVVQ128F146AB17",1,10,7,2,5,1
"TRAIWNA128F145E2CD",5,4,1,2,2,1
"TRAIWQJ128F4287A6F",10,9,1,7,8,8
"TRAIWZZ128F9306AFF",6,6,10,1,10,9
"TRAIYAT128F931FEA5",1,4,1,3,10,5
"TRAIYDL128E0791583",5,3,5,2,5,10
"TRAIZQI128F42A51F9",5,1,5,4,1,10
"TRAIZUC12903CBBEAC",6,6,4,10,9,6
"TRAIZWI128F4247EFD",5,8,1,2,6,1
"TRAJAPH128F4271357",9,10,6,7,5,9
"TRAJAZP128F4290FF9",1,9,1,1,10,8
"TRAJBGL128F145C7A8",2,3,2,2,5,9
"TRAJBJG128F14A1EA1",5,6,10,2,3,5
"TRAJBSL128F428A021",9,3,6,1,1,6
"TRAJBTZ12903CB818C",9,7,6,1,6,10
"TRAJCIR128F146ABA7",10,6,10,2,6,9
"TRAJCLY128F930F893",5,4,2,2,8,5
"TRAJDGB128F42882AC",3,7,7,4,8,4
"TRAJDRG128F4217923",2,1,9,10,2,7
"TRAJDTK128F429FFDF",9,7,10,1,1,10
"TRAJEBQ128F146E00E",6,10,10,5,2,9
"TRAJEZT128E0795DF3",3,4,1,2,7,6
"TRAJFDU128F426A5F4",6,3,1,4,2,8
"TRAJFFF128F429874A",6,10,5,4,1,9
"TRAJFMH12903D052DC",6,4,10,1,5,6
"TRAJFQF128F92E354E",5,10,3,2,9,4
"TRAJFRJ128F9328FF1",5,10,3,5,7,9
"TRAJGGP12903CCE582",10,8,10,7,4,9
"TRAJHCO128F42570C1",6,6,5,8,10,2
"TRAJHCS128F93192B5",10,6,5,7,9,10
"TRAJHDR128F92FA863",2,10,5,1,6,7
"TRAJHEE12903CB937A",5,7,5,3,2,9
"TRAJHHE128F146815C",1,4,7,4,1,10
"TRAJHYF128F1451DDF",1,8,2,9,5,5
"TRAJIIR128F149AE01",1,7,7,1,10,9
"TRAJIUK128F42668E6",1,7,5,4,10,9
"TRAJJPB128F1456D6A",5,10,7,7,10,4
"TRAJKMI128F4281107",5,4,1,7,2,5
"TRAJLEC128F93385A1",5,4,6,9,7,6
"TRAJLNF128F422658C",6,10,5,2,7,4
"TRAJLOY128F92E4EAF",1,6,2,8,1,7
"TRAJMEL128F4262B4A",5,9,2,1,6,9
"TRAJMQE128F9322DDD",10,6,6,2,2,9
"TRAJMZL12903CA4807",10,10,10,1,6,9
"TRAJNFM128F42A625C",5,7,3,2,6,5
"TRAJNWY128E078907F",2,4,3,2,2,7
"TRAJOIH128F14B08F7",6,6,8,1,6,6
"TRAJPIK128F1460C83",10,3,4,3,8,4
"TRAJPIQ128F14819A8",1,4,6,4,10,9
"TRAJPPJ128F1497140",10,10,1,1,7,8
"TRAJPPX128F4259FD4",6,7,1,1,3,9
"TRAJRBF12903CDCA3F",5,6,8,9,7,3
"TRAJRTY128F426CF1F",9,4,6,9,7,1
"TRAJSFB128F4270AED",9,4,10,7,2,4
"TRAJSNU128F92F2AC0",6,6,2,7,9,6
"TRAJSOQ128F92C6A6B",1,4,3,2,7,7
"TRAJSQA128F4263330",9,9,4,1,1,9
"TRAJSRH128F425DDC7",5,3,6,1,6,9
"TRAJTDG128E0792698",1,6,5,2,8,10
"TRAJTYX128F145AD24",6,10,5,1,8,9
"TRAJUPF128F4231A2C",10,6,6,8,10,1
"TRAJUPI128F9324529",6,3,5,1,2,9
"TRAJXBS12903CDCE2C",5,10,1,1,3,8
"TRAJXNB128F4261F43",2,7,3,3,6,6
"TRAJXOF128F933407C",5,4,2,3,8,9
"TRAJZCH128F933D2B7",10,9,1,1,10,8
"TRAJZVL128F9342662",10,4,6,7,7,6
"TRAJZYI128F424B412",10,9,1,10,3,10
"TRAKAFU12903CB4234",4,9,4,7,3,8
"TRAKAGL128F148B3B7",6,10,6,4,2,1
"TRAKARY128F427253E",5,10,10,4,4,6
"TRAKBON128F9311039",10,7,5,7,10,9
"TRAKCAE128F92DACD8",6,4,1,10,7,9
"TRAKCFG128F149D9B7",10,10,1,7,1,9
"TRAKCNI128F427BA71",5,10,5,2,9,9
"TRAKDCQ128F42A247A",1,6,3,4,3,10
"TRAKDDB128F92D168A",1,10,5,2,6,4
"TRAKDMK128F92F9AFC",2,4,7,2,1,8
"TRAKEBX128F423A5FA",6,10,1,2,8,4
"TRAKFSV128F4257C10",9,6,4,1,10,8
"TRAKFYU128F4283EB5",6,1,1,7,8,10
"TRAKGAX128F4264182",5,6,3,2,7,6
"TRAKGDZ12903CE4867",6,3,2,4,3,9
"TRAKGGU128F428D83C",6,4,1,1,2,9
"TRAKHUW12903CF0048",2,2,7,1,8,8
"TRAKHXX128E07877EB",5,4,5,5,8,9
"TRAKHYP128E0792F07",6,6,1,3,1,1
"TRAKIJI128F42494D1",2,10,5,2,10,9
"TRAKJTB128F148C560",6,7,2,3,8,5
"TRAKJYQ128F934B22E",5,10,3,3,1,6
"TRAKKOH128F42AF40E",6,7,5,3,1,9
"TRAKLEZ128F4270649",5,7,7,3,4,5
"TRAKLHO128F42BA554",1,9,5,7,1,9
"TRAKLML128E07999DA",6,9,1,2,7,10
"TRAKMGY128F4269E37",9,3,4,1,1,9
"TRAKMLM128F14932B0",6,4,5,7,7,9
"TRAKMUO128F4215890",1,10,5,8,7,7
"TRAKOAK128F4248629",10,9,6,7,8,4
"TRAKOEB128F1478783",6,10,6,2,3,8
"TRAKOPE128F421CE6A",9,4,4,7,4,4
"TRAKOXF128F1477B81",6,9,8,10,2,9
"TRAKPET128F92FD69F",10,9,6,1,8,8
"TRAKPJC128F4258613",5,10,5,1,10,9
"TRAKPSJ128F146BFC2",10,6,4,3,10,4
"TRAKPSR128F146A1DC",1,4,6,1,2,9
"TRAKPUY128F4271101",10,10,2,5,9,9
"TRAKQEA128F1495E21",6,4,2,2,10,4
"TRAKQFZ128F429D3C9",2,6,7,3,2,10
"TRAKQXJ128F147A028",10,10,1,7,8,9
"TRAKREH128F42750C6",10,4,6,5,10,8
"TRAKRQK12903CB3006",6,7,5,9,1,10
"TRAKRQW128F427D6E3",5,4,3,2,2,10
"TRAKRXM128F4250E33",9,9,6,10,5,4
"TRAKRXN128F42670BE",1,4,3,3,2,1
"TRAKSPS128F933B3D9",5,9,3,8,6,1
"TRAKTFQ128F145698C",2,6,3,8,10,5
"TRAKTWZ128EF35E206",5,4,4,2,8,1
"TRAKTZY128F148C55C",5,6,5,2,3,10
"TRAKUJS128F14668E5",9,4,6,7,2,7
"TRAKUKL128F4295046",2,10,9,2,9,9
"TRAKVNJ128F932AF0F",5,4,6,3,6,10
"TRAKVSG128EF34E609",5,3,6,8,4,7
"TRAKWNL12903CC37B6",3,4,7,6,7,7
"TRAKWTG128F42454E2",9,4,10,5,2,8
"TRAKWXS128F930F798",6,9,5,8,8,7
"TRAKWXV128F42889FB",6,10,4,2,3,9
"TRAKWZL128F93346EE",6,10,1,7,4,9
"TRAKXIR128F92CF85A",9,3,6,3,7,7
"TRAKXLR128F9308F5A",10,6,10,2,8,7
"TRAKXMS12903CB36F2",1,3,10,1,2,9
"TRAKXPA12903CA8B1A",9,7,1,1,7,6
"TRAKXPE128F1462FF2",6,4,10,1,6,9
"TRAKXYJ128F42525ED",10,3,6,5,8,8
"TRAKYON128F429470C",6,4,10,2,6,9
"TRAKYWY128F9310CF4",5,4,7,10,4,8
"TRAKYXS128F4248FE3",10,7,1,1,8,8
"TRAKZHN128F426C3D2",6,9,1,7,10,1
"TRAKZMB128F427B44F",6,4,1,7,2,9
"TRALAHF128F4248198",6,10,5,6,4,9
"TRALAKV12903CBD7F6",3,4,3,2,2,8
"TRALAZG128F93170BF",10,10,10,8,4,1
"TRALBFX12903D00703",5,3,3,1,3,8
"TRALBIA128F4272082",6,4,6,2,10,6
"TRALCCO12903CEBB97",1,10,5,3,2,9
"TRALDDK128F9300AC5",2,1,3,8,8,1
"TRALDEZ128F4265BF7",1,4,7,3,4,1
"TRALDSB12903CB4242",6,4,5,1,3,8
"TRALDUE128F9312AF2",1,6,2,2,7,9
"TRALDWN128EF33FB6E",1,4,3,1,1,8
"TRALECB128F42A35E8",5,4,8,3,7,9
"TRALEER128F4268E6D",10,3,6,1,8,10
"TRALENK128F92F39E9",4,9,6,1,8,9
"TRALEPN128F9311179",9,10,10,1,10,6
"TRALFBU12903CC030F",1,6,3,7,9,9
"TRALFLE128F92E166E",9,1,4,10,2,5
"TRALGCD128F42A6346",10,6,5,3,10,10
"TRALGJT12903CC460F",5,6,5,1,10,4
"TRALHIQ12903D00496",10,10,10,1,10,8
"TRALHMS128F930C08C",10,10,2,1,3,8
"TRALIHU12903CFF040",10,5,6,2,6,4
"TRALIIP128F4246C80",6,3,6,2,3,4
"TRALIQF128F930B7B0",5,3,6,2,10,9
"TRALJAZ128F933DE4A",5,9,3,10,3,9
"TRALJBT128F4266FD8",6,6,6,2,8,4
"TRALJKN128F92C5F5E",5,6,4,4,10,1
"TRALJVQ128F428C764",1,3,10,7,6,10
"TRALKBS128F423BB4C",3,4,2,2,8,4
"TRALKHJ128F92E9D36",9,9,4,1,5,9
"TRALLAR128F933C692",10,4,10,5,1,8
"TRALLKK128F427B064",4,4,4,5,3,8
"TRALLOU12903CC36FE",4,4,4,7,5,3
"TRALLQJ128F933C68A",5,4,6,1,7,8
"TRALLQX12903CD838C",1,10,3,2,5,10
"TRALLRJ128F428CB6F",10,9,3,5,8,8
"TRALLSP128F148AD75",1,1,6,7,6,1
"TRALMTD128E07862AC",10,3,6,4,10,10
"TRALMYT12903D0954C",9,9,6,7,6,9
"TRALNJR128F145AC96",5,6,3,10,3,1
"TRALNOD128F4264AEB",2,4,3,7,3,9
"TRALOBE12903CDA6C5",7,10,7,10,8,1
"TRALOUF128F422F329",5,4,6,4,3,6
"TRALPGW12903CAFFB5",9,10,8,1,2,10
"TRALPKG12903CDCA8A",6,4,1,9,6,1
"TRALPOE128F4272278",1,10,5,2,4,6
"TRALPQV128F424F989",2,6,2,2,8,5
"TRALQGZ128F146F500",1,9,3,7,4,10
"TRALRKL128F427B6EB",6,10,1,4,3,8
"TRALROP128F92CA9CC",1,7,1,5,5,8
"TRALRPL12903CA71F2",10,6,5,7,1,1
"TRALRTY128F428BE43",4,9,4,9,2,1
"TRALSAJ128F92EDC84",1,10,3,10,4,1
"TRALSOA128F4275F49",5,6,1,7,5,9
"TRALTKQ128F932DA67",5,6,5,1,3,8
"TRALTTR12903C9E32E",2,4,3,3,2,7
"TRALTZZ12903CB7DD0",10,10,10,3,5,1
"TRALUAQ128F427EB26",6,4,5,2,8,4
"TRALULA128F932B9D0",7,4,7,4,8,8
"TRALUTY128F9322DC0",9,9,4,10,10,9
"TRALWDN128F1456DB7",6,6,1,9,1,2
"TRALWLU128F428C39A",1,10,7,2,9,1
"TRALYBV12903CBBB68",4,2,6,10,6,6
"TRALYLQ128F42710D6",5,10,10,4,10,8
"TRALYPO128F429C4AF",3,6,7,6,7,1
"TRALYQN128F42624E1",4,9,4,5,2,8
"TRALYZR128F92CDD86",5,6,1,9,7,9
"TRALZIG12903CBCD0C",6,1,4,7,9,10
"TRALZTM128F92EC5F0",1,4,2,7,9,1
"TRALZXZ128F92E26EF",6,4,6,5,2,9
"TRAMARM128E0796A50",1,10,7,1,1,9
"TRAMBBV128F9337714",10,9,2,5,3,8
"TRAMBFD128EF34B848",10,6,6,4,8,10
"TRAMBHU128F425A620",6,4,6,2,8,9
"TRAMBLO128F4287D24",6,6,1,7,3,10
"TRAMBNF128F426FBB6",2,3,7,1,3,8
"TRAMBPW128F9337F71",1,9,3,3,2,1
"TRAMBTK128F42390A4",6,6,3,3,7,7
"TRAMCGL128F92F3D87",3,7,3,4,2,6
"TRAMCGR128F427DE28",10,3,10,2,5,10
"TRAMCLN128F9302E27",1,10,2,1,5,9
"TRAMCND128F1466ACF",5,6,5,2,8,10
"TRAMDQZ128F4249913",6,1,2,2,9,7
"TRAMDUJ12903D0728D",6,10,3,1,1,8
"TRAMDUW12903CB5100",1,3,6,9,8,1
"TRAMEBP12903CD7EEA",10,5,4,10,5,6
"TRAMEDG128E07933F4",1,10,7,2,9,4
"TRAMEEC128F9307A54",2,6,9,2,10,10
"TRAMESI128F93509F7",6,4,2,3,1,7
"TRAMFFW128F4263AD7",6,6,2,8,1,4
"TRAMFHI12903CB4349",6,9,2,5,3,8
"TRAMFRD128E07833DA",10,7,10,2,9,4
"TRAMGAZ128F148D4C3",6,10,6,4,5,10
"TRAMGJJ128F421487E",1,3,3,2,1,9
"TRAMGPM128F9311196",10,7,10,7,1,6
"TRAMGQR128E0786CA7",2,4,3,2,5,9
"TRAMGZV128F426FAB3",8,3,9,6,2,3
"TRAMHKC128F933DE7D",1,4,5,2,3,2
"TRAMHMO128F93167EA",1,6,3,2,6,7
"TRAMIGP128F9335408",10,4,5,4,4,9
"TRAMIOX12903CB19A1",2,4,3,4,9,10
"TRAMIUD128E07825DB",3,10,7,10,7,4
"TRAMJUG128F429F8B2",10,6,6,7,8,4
"TRAMKKJ128F1463612",6,9,6,2,8,10
"TRAMLFL128F93062A0",5,4,6,3,1,6
"TRAMLGE128F92F81DD",6,10,10,5,8,9
"TRAMLQC128F429222A",10,10,2,10,1,6
"TRAMLZC128F92F3EB9",5,7,1,5,10,8
"TRAMMAF128F93051B0",9,3,6,2,8,10
"TRAMMDM128F425EAA9",1,3,1,3,9,9
"TRAMMFP12903CB59C2",6,9,5,10,6,5
"TRAMMQW128F42621E1",9,10,6,1,3,8
"TRAMNDH128F425C33D",6,4,3,2,5,10
"TRAMNJB128F92EFDC7",6,4,10,1,4,9
"TRAMNVF128F92DE562",9,10,10,7,2,10
"TRAMODP128F426247B",1,3,5,3,8,5
"TRAMOGA12903CB4421",10,4,5,4,7,10
"TRAMOLS128F92F99E3",4,6,4,1,6,6
"TRAMOPU128E07888FD",5,10,10,1,5,8
"TRAMPCW128F92CC022",9,7,5,7,2,9
"TRAMPWN128F934C221",6,1,5,1,10,8
"TRAMRFE128F4267DF3",10,10,1,5,2,8
"TRAMRQS12903D0FD39",5,10,5,7,7,9
"TRAMSAY128F92ED0DD",10,10,10,4,3,8
"TRAMSSA128F92F60D1",9,9,10,7,2,10
"TRAMSSK128F92FDC80",1,4,8,4,10,6
"TRAMTFQ128F9352EDB",7,4,9,5,2,8
"TRAMTIH128F933E8E4",5,10,3,2,7,1
"TRAMTKT128F4222C3A",10,10,6,5,10,8
"TRAMTYX128F42985D0",9,2,6,1,3,8
"TRAMUUZ128F933CA08",10,9,6,3,2,6
"TRAMUYQ128F428CA58",1,6,3,7,4,1
"TRAMVBZ12903CB2635",9,1,4,2,6,10
"TRAMVMU128F4241923",10,3,6,3,9,9
"TRAMVOM128F42ACB16",1,4,1,5,3,8
"TRAMWJH128F145DBE9",3,7,7,7,1,9
"TRAMWLL12903D119DA",6,10,5,4,3,9
"TRAMWOH12903CA8BA0",5,10,7,10,1,4
"TRAMXPQ128F148B0C2",6,6,10,7,7,9
"TRANADU128F9345BC8",1,4,2,9,9,7
"TRANAIE128F146E588",3,10,7,3,10,5
"TRANALJ128F9318BAF",5,4,3,7,7,1
"TRANAYD128F9322A70",6,10,4,2,3,6
"TRANBMY128F426416A",1,10,2,2,3,8
"TRANCCN128E0794B18",5,10,2,2,10,7
"TRANCFS12903C9B61B",5,9,5,1,8,9
"TRANCOH128F422F31D",5,10,5,1,3,10
"TRANCOS128F4267DFB",5,4,2,1,7,8
"TRANCSE128F93044F1",3,1,7,7,10,1
"TRANDEK128F4259EBC",2,4,3,7,2,6
"TRANEMQ128F42A10A8",5,6,6,1,3,8
"TRANEQB128F4284978",1,4,5,2,6,1
"TRANGCR128F148CF28",10,9,1,1,2,10
"TRANGIY128F427FA51",10,4,1,5,1,6
"TRANGQX128F422F1DE",5,4,3,5,10,9
"TRANHJV128F92D819D",10,5,4,2,9,1
"TRANIBF12903CFA420",5,3,5,1,9,9
"TRANIHL128F42970BD",7,4,3,9,10,1
"TRANIJQ128F4298A10",5,2,10,9,2,1
"TRANIPA128F93151A2",6,4,5,10,5,10
"TRANIUD12903CCE692",6,10,5,9,9,10
"TRANIUS12903D00EC7",3,1,8,2,6,6
"TRANIVG128F1484DED",5,4,10,7,5,9
"TRANIWL128F4262AB0",5,3,4,6,5,6
"TRANIWM128F1495AB7",2,1,1,10,5,6
"TRANJMO128F425C44D",2,4,3,1,4,9
"TRANJSV128E0799689",5,10,3,3,10,9
"TRANJWP128F428560C",10,10,5,1,1,10
"TRANKIL128F1476FA2",5,6,3,3,10,10
"TRANKYM128F428B7A4",6,6,10,4,10,10
"TRANLHL12903CF88E5",2,4,2,2,9,6
"TRANLJA128F42A5379",10,10,10,8,5,6
"TRANLRX128F4259030",1,3,6,2,5,7
"TRANLSP128F14671CA",2,7,10,7,8,10
"TRANMKA128F426C3B0",10,10,10,8,6,6
"TRANMKF128E07995A8",1,4,2,7,2,9
"TRANMOT128F92EFF19",5,4,2,3,5,1
"TRANMWO128F426C41A",6,4,10,3,8,3
"TRANNCZ128F92F1D22",10,3,1,7,6,10
"TRANOHA128F428B1CB",9,7,6,7,5,9
"TRANOPO128F4217958",8,4,9,1,1,10
"TRANOXA12903CDB0ED",7,4,9,8,9,7
"TRANPDG128F930F4FE",5,10,3,2,5,9
"TRANPHV128F9344CC3",9,7,10,5,2,6
"TRANPKC128F93486B9",5,10,5,2,7,10
"TRANPLE128F9322D6F",4,7,4,1,8,8
"TRANPUZ128F422B236",10,10,1,8,6,4
"TRANPWV128F9341281",2,4,3,7,3,8
"TRANPXL128F42B8FED",10,10,6,2,10,5
"TRANQEQ128F428AD70",10,7,10,1,3,8
"TRANQNS128F42739D1",3,4,3,1,10,9
"TRANQQZ128E079224E",5,10,1,3,1,9
"TRANQRQ12903CC4BBB",10,10,1,2,5,1
"TRANREH128F93462CF",6,3,5,9,10,2
"TRANRFB128F1481F1E",1,10,3,2,10,10
"TRANRGP128F1465737",10,3,3,2,7,9
"TRANRKN128F93127BB",5,6,5,7,9,9
"TRANRWM128F42873F9",5,3,6,1,2,9
"TRANSUM128F92E8DF3",5,10,3,8,7,9
"TRANSYV128F428A00C",9,9,6,1,7,9
"TRANTAD128F92FD042",1,7,1,5,3,8
"TRANTAN128E078B326",9,9,6,1,5,9
"TRANTFR128F931C7DA",6,3,1,5,3,9
"TRANTJK128F92E5935",2,4,3,2,10,9
"TRANTOT128F428ACD8",9,9,10,1,3,8
"TRANULO128F422E6FE",1,4,5,7,2,8
"TRANUME128E0789D4C",10,4,10,2,1,8
"TRANUSB128F9343695",5,6,1,7,8,10
"TRANUUK128E0788284",10,3,1,1,2,5
"TRANUVH12903D1059F",1,7,3,3,5,3
"TRANVKJ128F92F1561",1,10,2,2,1,6
"TRANVMD128F933AC4A",10,10,5,7,4,9
"TRANVML128F426ACB2",4,7,4,1,10,8
"TRANVTB128F92E2C34",2,3,3,3,7,6
"TRANVZT128F42AE134",2,6,3,2,5,10
"TRANWBG128F934AC15",1,10,3,7,3,8
"TRANWEM128F92D75C4",9,10,6,3,6,1
"TRANWOF12903CB3E19",5,4,1,8,10,3
"TRANWZE128E078EE09",10,10,1,4,3,9
"TRANXKN128F1485A3F",5,10,2,8,2,4
"TRANYAM12903CD9CFC",9,4,1,3,9,6
"TRANYLM128F1477EC9",5,6,2,9,4,3
"TRANYLR128F4271924",1,6,5,3,2,1
"TRANYLR128F933D81F",9,4,10,5,1,8
"TRANZIL128F42A2670",1,9,2,8,5,6
"TRANZRO128F4278401",10,4,5,7,6,10
"TRANZTY128F424D794",6,9,1,1,1,10
"TRAOAPT128F426041F",6,6,4,2,2,9
"TRAOATJ128F147FC9B",2,4,3,2,8,9
"TRAOAVW128F9318B5A",5,4,6,2,5,8
"TRAOBKM128F92F894E",1,7,3,2,1,1
"TRAOBQP12903CC4A7B",1,6,1,8,4,5
"TRAOCOE128F4276D18",10,10,5,7,2,9
"TRAOCPF128F4297319",6,3,6,9,10,5
"TRAOCSE128F4282321",1,3,6,8,6,10
"TRAOCSX128F92FDD48",4,7,6,5,5,9
"TRAOEAQ12903CC26BD",9,10,6,7,8,9
"TRAOEQO128E0785439",10,7,1,2,4,8
"TRAOETQ128F92F9C27",10,10,1,5,10,9
"TRAOFJS12903CF3F3D",4,1,4,3,7,4
"TRAOHJU128E0780CD2",3,10,7,4,5,6
"TRAOHNR128F428CD58",2,6,7,3,8,4
"TRAOIYM12903CDEF1E",10,3,10,2,8,5
"TRAOJED128F42361E6",10,6,1,1,4,10
"TRAOJEW128F4294CBD",6,4,5,9,6,5
"TRAOJMY128E07836D9",6,4,1,1,8,8
"TRAOJNB128F147C52F",10,1,6,1,10,8
"TRAOJZC128F14932D5",5,2,6,10,4,9
"TRAOKSC128F4264989",5,3,2,1,2,9
"TRAOKVW128F429D82A",6,3,6,1,7,8
"TRAOKXG128F4232497",6,7,5,5,7,8
"TRAOLGV12903CB4229",9,6,4,1,3,8
"TRAOLOX128F422F02B",5,1,5,7,5,9
"TRAOLUA128F422BB1D",9,9,6,2,9,4
"TRAOMDT12903CF73C3",1,7,3,7,7,9
"TRAOMKV128F428CD51",1,10,3,8,2,10
"TRAOMMU128F933878B",10,4,6,10,5,10
"TRAOMVL128F14662F1",10,6,6,1,2,9
"TRAONNA128F4268CCA",1,6,3,3,8,4
"TRAONPF128F42480A7",6,3,2,7,2,9
"TRAONYI128F9324BA3",5,6,5,2,5,6
"TRAOOHM128F1453E33",5,3,2,7,8,10
"TRAOORD12903CCD128",4,9,4,5,3,8
"TRAOREE128F934DB89",1,3,7,2,8,10
"TRAORSC128F4235056",4,9,6,7,8,10
"TRAOSDM128F93085C0",4,4,4,10,8,1
"TRAOSFC128F42618F6",5,9,2,7,5,10
"TRAOUOI128F4290E44",10,7,5,7,9,6
"TRAOVDM128F42BAA66",6,1,6,4,6,4
"TRAOWBP128F4257C64",1,10,2,7,7,4
"TRAOWXO128E0783F68",5,3,2,7,4,8
"TRAOXCO128F147830B",6,10,2,3,6,10
"TRAOXEU128F4299BE5",10,7,5,7,9,9
"TRAOXSN128F4282FB5",10,1,3,3,7,10
"TRAOXWF128E0790985",9,2,10,1,7,6
"TRAOXXW128F92E8C86",5,6,1,7,10,1
"TRAOYHS128F427EF8B",6,2,3,10,1,1
"TRAOZEJ128F428CCEA",9,6,6,3,10,4
"TRAOZPS128F93369C3",6,10,5,9,8,4
"TRAPAES128E0786E60",10,6,5,4,3,9
"TRAPASL128F422BC00",5,7,2,2,8,6
"TRAPAZE128F4233355",9,7,4,4,3,9
"TRAPCHT128F4239830",2,6,3,5,2,8
"TRAPCIQ128F4241A74",6,10,1,1,1,8
"TRAPCNK128F427D7B5",6,8,4,3,4,3
"TRAPDIH128F426DE71",6,6,1,7,10,4
"TRAPDIO128F933C680",6,4,6,1,4,8
"TRAPDOI128F9327982",7,3,3,3,6,7
"TRAPDQG128F93018C0",3,3,5,7,10,6
"TRAPEBL128F149E768",5,4,3,10,7,6
"TRAPEHR128E0786D5A",5,4,5,7,10,10
"TRAPEIN128E078892E",10,3,5,10,9,6
"TRAPEPB128E07861CC",6,3,1,4,3,4
"TRAPEPI128F4226DDD",9,10,10,1,8,6
"TRAPESV128F92FE5E9",4,9,6,1,1,9
"TRAPFGD128F4274B46",3,3,5,5,8,8
"TRAPFIP128F42AC31E",5,5,10,8,9,1
"TRAPFRM128F933A19B",10,6,2,7,1,8
"TRAPFXX128E0785EBA",6,1,6,7,7,1
"TRAPGCJ128F428CCD9",5,4,1,1,3,8
"TRAPGFN12903CB5BAC",10,10,10,4,8,1
"TRAPGKY128F42972A9",6,4,6,5,8,9
"TRAPGOC128F932F01A",5,10,5,1,6,10
"TRAPGOZ128F933A945",10,6,10,9,8,4
"TRAPGYN128F92C40CC",5,4,2,2,4,4
"TRAPHAH128F42677A4",5,4,1,7,2,10
"TRAPHDI128F92F5EA1",10,1,6,1,4,6
"TRAPHZT128F147A02B",2,3,3,2,9,7
"TRAPIIR128F42AEE95",10,4,5,7,10,6
"TRAPIJO128EF3681CA",5,10,6,9,5,6
"TRAPIPG128F42521C6",6,4,6,2,10,9
"TRAPISC128F14671D3",6,3,5,2,2,10
"TRAPJFL128F42AA7B4",2,6,7,2,6,7
"TRAPJLL128F92EC0E1",5,10,5,5,8,8
"TRAPJPD128F14572B3",5,4,2,10,1,9
"TRAPKBI128F92F9D33",5,10,5,7,1,8
"TRAPKSE128F42AB9FB",2,10,3,1,8,8
"TRAPLET128F145B049",10,3,5,10,9,9
"TRAPLMD128F932FF43",2,3,8,1,3,8
"TRAPMRB128E078E21E",4,10,4,8,7,1
"TRAPMRV128F92F5F4C",6,9,6,3,2,9
"TRAPMTM128F425B4E5",5,10,2,7,6,8
"TRAPMTY128F1459DA1",6,4,6,1,2,8
"TRAPMYO128F14903F5",1,4,6,2,10,7
"TRAPNII12903CEA4F8",1,4,7,5,2,9
"TRAPNOO128F423660C",1,10,7,7,3,8
"TRAPNQZ128F145B04E",9,4,10,2,2,9
"TRAPNYN128F4277985",9,4,10,5,3,8
"TRAPOEA12903CDBB5F",10,6,10,3,8,1
"TRAPOYU128F42644C3",6,10,5,3,3,10
"TRAPPUJ128F931B3D1",5,10,3,2,2,7
"TRAPPUN128F429400B",1,10,5,1,2,8
"TRAPQBU128F934C32D",1,1,1,1,2,8
"TRAPQLQ128F92DA284",6,6,5,1,2,10
"TRAPQNA128F93000EB",10,2,10,1,9,1
"TRAPQQI128F1460D64",1,4,1,5,2,8
"TRAPQYF128F14B1051",10,7,6,1,3,8
"TRAPQZO12903CFA319",10,10,10,5,3,8
"TRAPREX128F145DAD0",9,7,6,2,1,6
"TRAPRQZ128F427E188",1,7,7,3,6,7
"TRAPSHW128F14560A6",10,9,6,3,5,9
"TRAPSJN128F422AF18",6,6,10,2,3,8
"TRAPSMF12903CD05E7",5,10,3,7,6,8
"TRAPSZU128E0785BD2",10,4,10,9,4,1
"TRAPTHJ128F92C70D6",9,1,6,8,5,7
"TRAPTRH128F4271659",2,4,7,1,10,9
"TRAPUFL128F425A8F9",10,6,1,10,5,4
"TRAPVBP128F9308A86",5,10,1,10,6,9
"TRAPVDC128F422C711",6,7,3,4,10,8
"TRAPVFO128F9347D5B",9,10,6,4,7,10
"TRAPVGB128F42725AF",5,7,4,1,2,8
"TRAPVRU128F9302300",2,3,2,3,10,3
"TRAPVXU128F149E7CD",1,9,7,1,2,8
"TRAPVYD12903CE0269",2,10,7,1,1,8
"TRAPYCR128F4289604",1,10,6,4,9,1
"TRAPYML128F423DF98",4,10,4,2,2,6
"TRAPZJQ128F428A022",10,9,10,5,2,8
"TRAPZLI128F92DB0CD",6,4,5,7,8,4
"TRAPZQI128F428CF18",1,4,6,4,8,8
"TRAPZYB128F9309217",5,10,5,2,4,4
"TRAPZZJ12903CC5190",1,4,7,2,6,4
"TRAQACB128F4263F7B",10,10,5,7,8,10
"TRAQAIW12903C9B61E",5,10,5,7,9,8
"TRAQAMG128F934AED9",10,10,6,4,9,8
"TRAQBRP128F92DFCEF",2,3,3,7,10,1
"TRAQBVO128F425D1F9",1,1,3,7,1,10
"TRAQCFH128F92FE30F",1,10,5,5,8,8
"TRAQCXM128F4230BAD",5,2,6,7,1,7
"TRAQDBO128F92ED2AC",5,4,2,5,2,9
"TRAQDSN128F42934A2",1,4,3,7,9,6
"TRAQDYJ128F14989F8",9,4,6,3,8,9
"TRAQDZZ128F42AF66A",6,4,10,5,10,9
"TRAQEKD128F425293D",1,10,5,9,7,10
"TRAQEOG128F9353981",1,10,2,8,4,3
"TRAQEOP12903CA65E2",6,10,10,2,5,6
"TRAQEUQ128F425282E",2,10,1,4,3,8
"TRAQEVV128EF34E413",10,3,6,1,3,8
"TRAQGLM128EF356DEA",6,3,5,2,9,9
"TRAQGMY128F425A2F5",2,10,7,7,5,6
"TRAQGNV128C7196894",1,4,7,4,7,10
"TRAQHCG128E07951DA",1,3,2,2,10,9
"TRAQHHV128F92E0787",1,10,5,9,8,6
"TRAQHWF128F146FF11",6,10,6,2,6,9
"TRAQIQP128E079505F",1,6,1,2,9,10
"TRAQITZ128F4265E0E",10,10,4,1,7,10
"TRAQJFK128F428508A",9,6,6,2,6,10
"TRAQJMP128F92E3821",6,4,1,7,5,6
"TRAQJOE128F92F1D58",4,10,4,1,3,8
"TRAQKPR128F427DDF8",5,9,3,2,2,6
"TRAQKVC128F425E65C",9,1,4,8,2,10
"TRAQLIE128F931C3F3",9,10,6,1,5,9
"TRAQLOD128F145EC9D",5,6,10,2,5,9
"TRAQMNB12903CDD58F",10,7,1,9,3,8
"TRAQMWP12903CAC06F",1,3,5,2,4,6
"TRAQNEC128F14ADF01",5,6,10,2,1,9
"TRAQNMM12903D00407",3,4,9,1,10,5
"TRAQOXO128F42636BD",2,6,7,6,4,1
"TRAQPFR12903CC26CF",4,6,4,3,9,7
"TRAQPHD128F4226E5E",1,3,2,2,1,9
"TRAQPKX128F428146D",1,7,5,4,1,1
"TRAQQHJ128F9345DC3",10,9,10,5,1,9
"TRAQQOG128F934B0A1",3,7,7,8,9,9
"TRAQQUC128F9314732",1,4,10,2,4,9
"TRAQQVR128F4255A3A",9,10,6,3,2,7
"TRAQRFD128F9322DE6",9,6,6,5,10,8
"TRAQRFN128F93071EA",6,6,10,2,2,6
"TRAQRRD128F425F8E7",9,10,4,7,5,6
"TRAQSEG128F9327EB9",1,6,3,4,7,1
"TRAQSPU128F422146B",6,10,1,7,3,8
"TRAQSWI128F9343039",1,10,7,3,5,10
"TRAQTBF12903CCC1B7",6,2,6,2,3,6
"TRAQTKV128F427BFA5",6,10,1,1,8,9
"TRAQTOS128F428E94B",3,7,7,5,2,8
"TRAQTRL128F428C2AF",1,4,5,9,10,7
"TRAQTYT12903D134AC",10,4,6,10,5,10
"TRAQUWF128E07924E4",5,6,8,2,10,7
"TRAQVDI128F42969C8",1,3,3,7,1,10
"TRAQVJM128F9310F20",7,6,9,1,10,3
"TRAQVOG128F9340E58",10,4,5,3,10,7
"TRAQVUG128F4286DE3",5,10,2,5,3,1
"TRAQXJY12903CF3A0E",1,10,2,3,10,10
"TRAQXKZ128F429D175",9,10,10,10,5,6
"TRAQYFL12903D138CF",10,3,5,7,8,1
"TRAQYOC128F9341CDC",5,3,5,4,8,5
"TRAQYUA128F428742F",6,1,10,3,1,4
"TRAQYXL128F425EA21",2,4,3,9,7,1
"TRAQYZI128F4273CF3",4,2,4,10,9,9
"TRAQYZO128F930BC98",10,10,1,5,2,8
"TRAQZPC12903CDE0D5",6,4,2,1,10,4
"TRAQZWH128F934B093",9,9,6,4,3,8
"TRARANL128F1478789",10,7,10,5,3,8
"TRARAZI128F427F3B4",6,7,3,10,7,10
"TRARBBK128F427ED68",1,8,2,7,2,10
"TRARBFC128EF3500F8",10,10,6,4,3,8
"TRARBGM12903CC5026",7,3,7,3,2,7
"TRARBJW128E0788A1A",5,10,2,1,8,8
"TRARBVD128F4239284",6,9,8,8,1,1
"TRARBYC128F92CEF3C",10,9,1,1,5,10
"TRARCNN12903CD5262",10,7,6,10,1,7
"TRARCNT12903CC4767",9,6,6,5,3,8
"TRARDJY128F14750EA",7,6,2,3,9,3
"TRARDUI12903CBF6B6",5,3,2,3,2,7
"TRAREDZ12903CFB6E3",5,10,2,7,7,9
"TRAREGG128F425A5D8",6,8,2,3,4,6
"TRARFAZ128F93481AD",5,9,3,1,10,8
"TRARFKP12903CF5DF1",5,6,1,4,3,8
"TRARFQL128F931E523",1,4,2,3,9,4
"TRARFQY12903CA07B6",9,6,8,10,9,10
"TRARFXI128F1468CE3",2,6,3,3,2,9
"TRARHCB128F148D1B0",4,7,4,1,3,8
"TRARHFF128F933D378",9,9,6,9,3,9
"TRARIIY128F147187D",5,9,5,8,3,9
"TRARIMP128F933D217",2,3,7,5,9,9
"TRARINE128F4280B9C",2,4,3,4,7,6
"TRARIRG128F147FC96",9,6,6,8,6,1
"TRARIZK128F92FF27A",6,6,1,10,6,7
"TRARJEK128F930B3AA",1,4,3,7,10,9
"TRARJPL128F931C7D2",5,10,1,1,2,9
"TRARKEH128F1463CB2",2,4,3,9,2,10
"TRARKGW128F92EB8F9",1,10,2,5,1,8
"TRARKRC128E0791D82",2,10,2,3,9,9
"TRARLGD128F93119C1",5,10,5,5,8,6
"TRARLTG12903CF06FD",10,9,10,2,7,4
"TRARMHA128F92E7D32",4,7,6,1,10,8
"TRARMLZ128F9330684",2,6,3,8,2,5
"TRARMUI128F147162F",9,10,10,1,8,9
"TRARMUZ128F14AA0EA",9,4,6,10,6,9
"TRARMWA128F424147D",6,6,1,9,3,8
"TRARMYQ128F149F18A",6,10,2,2,6,6
"TRARNZA128F424EC6A",5,10,1,4,10,1
"TRARODV128F1460DBC",1,10,1,2,1,7
"TRAROPS128F92F09A5",9,10,10,4,4,7
"TRAROQC128F4273979",5,4,6,3,2,9
"TRARPCK128F92FEA7F",3,10,3,10,4,1
"TRARPGY128F425D48D",10,7,6,10,6,7
"TRARPTJ12903CE2898",6,3,5,7,7,10
"TRARPZT128F932AD66",10,4,10,3,1,1
"TRARQSD128F427E2AA",5,4,5,4,5,9
"TRARQWJ128F92E9CCA",2,2,2,4,1,1
"TRARRJL128F92DED0E",5,1,1,3,9,7
"TRARRQO128F427B5F5",6,10,6,5,10,8
"TRARRWA128F42A0195",10,6,6,4,3,8
"TRARRZU128F4253CA2",9,4,6,7,10,6
"TRARSAM128F4256E04",4,10,4,4,7,10
"TRARSAW12903C9EDEB",6,10,5,2,9,9
"TRARSKA128F9336A04",7,6,9,1,3,1
"TRARSZV12903CDB2DE",10,4,6,10,6,9
"TRARTBH128F93087A4",10,9,5,10,4,10
"TRARTJL128F92CB44B",2,10,1,1,9,8
"TRARTSA128F4291550",1,4,7,1,1,8
"TRARUOP12903CF2384",1,3,5,1,10,8
"TRARURM128F931A91B",5,6,1,2,7,3
"TRARUTP128E0797FC7",6,6,10,3,1,1
"TRARVZG128F1497359",1,7,7,7,10,10
"TRARWLR128F4256B07",10,6,1,2,1,9
"TRARXIT128F423DC97",2,3,9,7,10,8
"TRARXMV128F92F59C8",1,10,2,9,2,1
"TRARXVP12903CF39FE",1,10,7,7,8,4
"TRARYCL128F1456224",1,4,3,2,5,6
"TRASAEN128F4266178",10,6,6,7,2,9
"TRASAIH128F931F567",10,9,6,4,3,9
"TRASAQI128F426EEA3",5,9,7,2,1,6
"TRASARO128F145E40F",9,4,6,7,7,9
"TRASBZK128F42692CA",1,6,5,7,1,8
"TRASCAU128E078FB37",5,6,1,4,10,10
"TRASCMB128F422B871",6,10,1,7,10,9
"TRASCWR12903CCC575",3,9,3,2,9,1
"TRASDGG128F933EDE2",10,10,6,1,3,6
"TRASDRJ128F428B1A7",10,3,1,7,4,10
"TRASDYA128F425E84F",6,3,5,8,10,10
"TRASGGA128F92E8BF8",6,4,6,2,4,4
"TRASGKM128F42644C5",6,7,6,3,10,6
"TRASGLA128F147F4F6",1,6,7,3,4,7
"TRASGLV128F42390CA",1,6,5,4,8,8
"TRASGMH128F14B04A3",9,9,6,7,8,6
"TRASGOE128F42328B4",5,4,6,3,6,7
"TRASHSN12903CA9E34",5,4,8,3,5,7
"TRASIKP128F423EED7",5,10,1,2,3,3
"TRASIKR128F9308AD7",5,3,3,2,10,10
"TRASIVA128F933DB52",9,8,1,7,7,6
"TRASIWA12903CFFC4D",6,3,1,7,10,1
"TRASJIY128F149998B",5,10,2,7,8,2
"TRASJRH12903CF2689",2,4,3,6,3,5
"TRASKII128F92FA33E",6,10,2,5,2,9
"TRASKUE128F1478ECF",10,10,1,7,9,9
"TRASLHI128EF343C84",6,4,2,4,8,9
"TRASLVK128F935046C",5,4,3,4,1,9
"TRASLVU128F933B160",10,10,6,4,1,9
"TRASMER128F4272C1D",4,10,6,7,3,8
"TRASMWP128F92CE9CE",9,7,10,10,6,9
"TRASNDM128F92E17E7",5,4,1,2,5,10
"TRASODE128F930F19A",10,10,5,10,5,6
"TRASOQC12903CFFED7",5,7,3,1,3,8
"TRASPAS128E078DFB3",2,9,9,8,10,5
"TRASPZQ128F933BBDA",6,7,10,7,9,10
"TRASQCW12903CA07D9",6,6,3,2,1,1
"TRASQIB128F426693D",5,6,6,8,2,9
"TRASRBB128F42AFD5C",5,3,2,2,4,6
"TRASSXN128F4261DF1",4,7,6,5,8,9
"TRASSZI128F146EC5F",1,1,4,7,2,6
"TRASSZL128F428FA5D",6,6,5,1,10,9
"TRASTBU12903CC3EA8",6,7,7,9,10,4
"TRASTOM12903CBE8A6",1,10,1,10,5,6
"TRASTZY128F145B055",10,4,1,2,2,9
"TRASUJK128E0789C12",1,4,2,1,2,6
"TRASVNS128E07855BF",5,7,2,3,4,7
"TRASVXI12903CF98CD",1,4,7,2,6,1
"TRASWIV128E0788A84",5,10,5,1,3,8
"TRASWKJ128E0792FE7",9,4,4,2,3,9
"TRASWSO12903CBE857",3,10,7,8,10,7
"TRASWVM12903CA5601",6,6,5,2,8,4
"TRASXHB128F933D3BD",6,9,10,7,3,9
"TRASXSI128F9345EA2",4,7,6,5,3,8
"TRASXYB128F428DFF3",2,3,3,7,8,7
"TRASXZE128F427F156",5,1,6,1,4,10
"TRASYIH12903D08529",6,3,2,1,9,10
"TRASYQQ128F425092B",7,4,9,1,9,9
"TRASYSY128F92F39F5",4,9,4,1,3,8
"TRASYVP12903D09590",2,4,1,4,1,9
"TRASYWM128F14804A5",9,9,10,1,3,8
"TRASZQB12903CAAE1B",1,1,2,10,4,7
"TRASZSF128F428B8F3",10,6,3,1,1,9
"TRATAIB128F92E81CB",7,7,9,4,10,6
"TRATBGP128F1482545",9,9,6,1,9,6
"TRATBNG128F92CADA8",5,7,2,1,2,9
"TRATBVA128F9312ACC",5,4,1,4,9,6
"TRATBWX128F427D343",9,4,6,5,3,8
"TRATCAZ128F4284985",2,5,1,3,5,7
"TRATCLI128F422BCF8",5,10,2,3,6,7
"TRATCOE128F145F694",6,8,8,7,6,9
"TRATCUY128F9308A38",5,10,7,5,1,8
"TRATDDF128F4294E6A",6,7,1,3,7,1
"TRATDDM128F93417AF",6,3,4,5,9,10
"TRATDIZ128F4242796",5,10,1,3,2,4
"TRATDLH128F93384B0",10,4,2,4,6,10
"TRATESL128F92F12DF",9,10,6,2,5,10
"TRATFEN128F14A3A6E",6,10,2,7,8,4
"TRATGQO128F421B850",2,10,7,5,3,8
"TRATGTP128F427021D",10,6,10,3,7,9
"TRATHFM128F148ADD4",6,4,1,2,9,6
"TRATHTH128F42BC347",10,6,2,3,2,6
"TRATHVA128F9322A79",6,6,6,1,5,8
"TRATIRE128F42A667F",1,10,8,4,8,8
"TRATIUD128F930620F",3,4,2,7,10,8
"TRATJSR128F4266791",1,3,6,2,10,4
"TRATJXC128F93124CE",1,10,2,9,9,7
"TRATKAA128F426E8A0",5,4,5,7,5,1
"TRATKXV128F92D0480",9,10,6,1,7,8
"TRATLOJ128F9308ABB",9,4,10,2,5,10
"TRATMAL128F427EC8D",10,3,10,4,8,4
"TRATMDD12903D11C7A",9,3,6,1,7,9
"TRATMFC12903CC8D96",1,10,3,7,2,10
"TRATNHC12903CFA949",9,6,10,1,7,10
"TRATNKU128F92F60C1",10,4,1,3,6,4
"TRATNMX128F427C2FC",6,3,3,4,8,1
"TRATOHC128EF3460DA",2,4,3,1,2,8
"TRATQDK128F1489B3E",5,4,10,7,10,9
"TRATQSL128F932E2ED",6,9,3,2,9,9
"TRATQUI128F9347C68",9,10,10,1,9,8
"TRATRMZ128F42A9AAC",3,4,7,4,8,9
"TRATTAF128F147CA09",5,6,5,3,4,10
"TRATTNI128E0799697",5,4,3,6,5,1
"TRATUPO128F9305A5C",6,10,10,1,10,10
"TRATUQR128F422F34D",1,3,10,1,3,8
"TRATWUD128F9309671",5,6,6,2,5,10
"TRATWYC12903CE60D6",1,4,2,3,1,7
"TRATXSW128F4243364",9,10,6,1,10,8
"TRATYJI128F4255D27",6,6,10,1,10,10
"TRATZQS128F1467D4B",6,6,6,1,10,1
"TRAUBMP128F9307E1C",5,10,1,1,8,8
"TRAUCRP128F931364D",9,3,5,4,8,9
"TRAUCZX128F149D9AE",6,4,1,3,2,9
"TRAUDRC128F148D15E",2,10,7,10,5,1
"TRAUEIZ128F14AE167",5,4,10,3,6,9
"TRAUEWN128F932C32C",10,7,4,2,10,3
"TRAUEYX12903CEAF48",5,10,5,8,7,1
"TRAUFDN128E07926A5",5,10,1,2,8,9
"TRAUFZY12903CD738A",5,10,1,4,4,8
"TRAUGLZ128F14AE500",6,3,10,10,7,6
"TRAUGQI128F4295BD1",6,7,4,2,10,1
"TRAUGRD128F425E997",6,10,2,7,5,6
"TRAUGYG128F428A174",4,9,4,5,3,8
"TRAUHXR12903CBDFE4",3,10,7,2,2,6
"TRAUIBK128F9345A79",9,7,4,7,3,8
"TRAUIHC128F427EEF9",5,3,2,1,9,8
"TRAUIMO128F147C31C",2,4,2,8,2,1
"TRAUJLJ128E0784E7C",5,6,2,7,10,10
"TRAUJOU128F9325DE7",5,4,10,8,8,4
"TRAUJPQ128F930D4C5",5,10,3,5,1,8
"TRAUJTZ12903CF7BB4",10,7,5,1,8,8
"TRAUJVM128F422C5A2",6,6,6,9,8,6
"TRAUKJZ128F9335412",6,6,2,5,2,8
"TRAULEG128F92F035B",1,7,2,4,3,8
"TRAULGT12903D10B94",10,5,5,10,5,4
"TRAULJK128F4294B58",6,4,6,3,6,9
"TRAUMIX12903CE640C",5,8,4,1,10,10
"TRAUMMP12903C9D5C4",9,10,6,10,4,9
"TRAUMNH128F92FB67F",1,6,2,7,2,9
"TRAUNEL128F1467D5C",9,3,6,10,2,9
"TRAUNNH12903CB038C",1,6,7,5,3,8
"TRAUNPM12903CB7CCC",6,4,2,7,6,9
"TRAUOAA128F4245ECF",6,10,1,2,8,9
"TRAUODU128F9307467",1,9,8,1,2,9
"TRAUONA128F4255A38",10,1,5,7,2,4
"TRAUOPA128F93537F2",5,6,6,9,10,5
"TRAUOPE128EF367610",10,6,6,4,10,10
"TRAUORF128F424D160",1,4,2,4,8,10
"TRAUOUZ128E078F8BB",6,4,1,9,3,4
"TRAUOXB128F146573B",4,6,4,3,6,5
"TRAUPSV128F427B621",6,9,5,1,8,9
"TRAUQAM128F9340CFE",9,10,10,1,6,6
"TRAUQFT128F4270904",6,6,6,10,6,7
"TRAUQUO128F92F8340",6,6,2,4,2,6
"TRAURGF128F427E9B5",1,4,6,9,7,5
"TRAURHK12903CA60F8",5,10,5,7,1,6
"TRAURRO128F1489B2C",9,7,6,5,3,8
"TRAURRP128F4261B94",1,6,2,7,2,10
"TRAUSBV128F9344D08",10,4,10,4,5,9
"TRAUSFP128F42A6BEE",4,7,4,10,2,2
"TRAUSHD128E0795347",5,3,2,1,4,8
"TRAUSKE128F930FB12",5,4,1,1,1,9
"TRAUSOM128F9337BC3",10,10,1,10,4,6
"TRAUSYQ12903CE5242",5,1,1,7,10,9
"TRAUTCA128F429B624",5,10,2,3,1,4
"TRAUTPD128F92F1376",1,3,2,4,2,9
"TRAUTSN128F14ADD4A",6,3,1,1,1,6
"TRAUTTP128F425BDEB",2,3,3,3,10,5
"TRAUTXO128F4263C8E",9,6,6,2,9,1
"TRAUUIF128F93232FE",6,10,1,5,8,8
"TRAUVAQ128F92DC677",6,10,2,7,5,10
"TRAUVGG128F9324DAC",6,6,1,3,5,6
"TRAUVSF128F14A0B6F",2,10,5,9,3,7
"TRAUVTO128F4297AA2",10,3,5,1,4,10
"TRAUVUF128F148D1AA",10,6,4,7,3,9
"TRAUVVR128F425A925",5,6,3,7,8,8
"TRAUWFN128F1462E09",6,3,2,1,4,8
"TRAUWQL128F424696E",2,7,3,1,10,9
"TRAUWRW128F9358C69",5,6,1,2,5,4
"TRAUWWP12903CC79CB",1,9,3,1,3,8
"TRAUXEL128F42683D5",6,3,3,1,3,8
"TRAUXSK128F427C58D",1,9,3,8,8,7
"TRAUXSO128F42B863C",6,4,6,7,10,6
"TRAUYLT128F427538E",5,10,2,2,8,8
"TRAUYOD128F42647FE",1,10,2,2,1,4
"TRAUYZG12903CDA4E9",3,6,7,3,6,7
"TRAUZFY128F42BCE57",6,3,3,1,7,9
"TRAUZTR128F9351D2A",10,7,1,3,2,6
"TRAUZVU12903CC050D",9,1,4,3,7,7
"TRAVANT128F92E3F71",5,6,6,2,8,1
"TRAVBAH128F9305DFC",5,10,5,1,2,9
"TRAVBCR128F933AE8E",9,3,4,7,8,9
"TRAVCNA128F930975C",2,3,3,1,2,8
"TRAVDBI12903D105BB",6,8,2,3,5,3
"TRAVDDJ128F92EF09C",6,4,10,5,2,9
"TRAVDGG128F92E389A",10,6,1,10,1,4
"TRAVDQQ128F421B864",1,10,7,1,3,8
"TRAVELY128F42606F8",10,6,6,3,6,2
"TRAVFEW128F92E2B47",6,9,10,5,8,8
"TRAVFPH128F42621EE",3,10,1,1,2,8
"TRAVFSW128F145C1D2",1,3,8,8,10,5
"TRAVGFT128F424278B",6,6,10,1,8,10
"TRAVGKM128F92C58B4",9,3,10,3,7,7
"TRAVGLC128F931535B",9,6,6,3,4,10
"TRAVGNH128F428CBA9",6,4,1,5,10,8
"TRAVGZS128F9338603",9,6,6,10,6,10
"TRAVHCL128F93015C4",10,7,5,4,3,8
"TRAVHIA128F1494B0C",9,10,1,10,5,1
"TRAVHLR128F146B476",6,3,1,4,4,6
"TRAVJDB128F93305EB",5,6,6,1,10,10
"TRAVJRC128F425D474",10,10,2,10,7,10
"TRAVKGM12903CA66FB",6,9,3,1,7,8
"TRAVKJJ128F424DA32",1,2,7,3,6,5
"TRAVKSX128F92EF211",10,3,1,4,7,4
"TRAVLKA128F428BBD3",3,7,7,2,8,9
"TRAVLNW128F4272F05",6,6,5,2,1,9
"TRAVLWL128F424EF6A",10,10,6,1,2,9
"TRAVLXZ128F42A22E4",9,3,1,10,4,6
"TRAVMXD12903CBBD0B",7,6,7,3,6,1
"TRAVMZX128F14AB117",5,9,6,9,5,9
"TRAVOHH128F4247EF9",6,10,5,2,1,8
"TRAVOLQ128F9322DB4",4,6,4,1,3,8
"TRAVPHL128F424EAE1",10,10,5,5,3,8
"TRAVQBP128F145BB9B",9,6,6,6,10,6
"TRAVQPL128F9308D97",5,10,3,7,2,8
"TRAVQZF128F92F3CE3",1,9,3,1,3,8
"TRAVRJA128F9329C4C",10,1,6,9,1,6
"TRAVROF128F421AC2D",5,4,1,2,5,6
"TRAVRPL128F145E874",1,6,2,3,3,9
"TRAVSQE12903CB6879",6,4,5,5,1,8
"TRAVTEH128E07953EA",2,10,3,7,8,8
"TRAVTUD128F93094F2",9,4,3,2,7,1
"TRAVUAJ128E078EDA2",2,1,3,1,10,8
"TRAVUOI128F424142F",2,4,3,5,3,8
"TRAVVBW128F42819B2",3,2,7,3,6,10
"TRAVVEB128F934DD34",6,3,5,1,8,1
"TRAVWTN128F425D2D5",1,4,3,1,2,9
"TRAVWYR128F92DED0F",5,6,10,7,1,9
"TRAVWZA128F931F36E",6,1,6,7,4,10
"TRAVXBL128F42BB389",10,6,10,7,8,9
"TRAVXII128F92FCC6D",1,4,1,2,1,10
"TRAVXUN12903CAC564",10,2,6,10,5,1
"TRAVYHI12903CB95EC",5,6,1,7,10,4
"TRAVYIU128F42625E1",4,9,6,5,3,8
"TRAVYVD128F4237876",1,7,2,1,2,10
"TRAVYXL128EF34722F",2,4,8,4,1,6
"TRAVZDX128F92ECF9B",6,1,1,10,4,1
"TRAVZWX128F92EC110",5,6,5,3,1,1
"TRAWABF128F92EC63A",3,6,2,3,2,5
"TRAWAXV128F92E075C",7,3,9,2,10,9
"TRAWBBO128F92D15E1",10,3,2,10,5,9
"TRAWBOE128F92F2F46",1,6,6,3,5,9
"TRAWBVQ128F149ADFD",5,7,5,4,3,9
"TRAWBWG128F1462C30",3,10,7,7,7,4
"TRAWCGS128F934BE2F",10,10,6,5,3,8
"TRAWCIS128F428CFD1",4,9,4,4,3,8
"TRAWCJY128F146A1D5",5,9,5,2,6,9
"TRAWCQE128F14676AC",2,10,7,8,1,6
"TRAWDLK128EF342E1E",6,6,1,1,10,1
"TRAWDOU128F146D770",6,4,2,4,3,8
"TRAWDWZ128F9340E55",6,6,8,5,10,10
"TRAWEDC128F14A2EBA",6,4,1,1,10,8
"TRAWEFD12903CBADE8",6,4,5,7,9,8
"TRAWEIX128F14B0F05",1,6,8,2,8,9
"TRAWEQF128F42591E9",6,8,5,2,8,9
"TRAWEST128F4242614",9,7,4,1,8,8
"TRAWFCM12903CBE6FA",5,6,3,5,3,8
"TRAWFGF128E0792FE0",2,3,7,2,9,6
"TRAWFYX12903CA4766",1,10,2,5,10,9
"TRAWFZB128F92FFB99",5,7,8,1,3,8
"TRAWGKB128F4268327",7,8,3,9,10,6
"TRAWGLP128F92DE5AD",4,4,4,7,7,4
"TRAWGXD128F428A36B",10,10,2,2,5,9
"TRAWGYK128F42B847B",4,3,4,3,4,4
"TRAWHTB128F92FE5B8",10,10,6,1,3,9
"TRAWHZK12903CB5A01",9,7,6,1,9,8
"TRAWIGC128F4295A2F",1,3,10,7,8,10
"TRAWIGT128F427448E",6,3,4,1,10,9
"TRAWIJG128F42B502C",6,4,3,1,3,8
"TRAWJPF128F42626DB",2,10,5,1,1,9
"TRAWKPT128E0795428",5,4,1,7,7,9
"TRAWKQB128F92EE55D",7,4,7,6,6,3
"TRAWLGG128F42884CA",6,7,1,9,9,1
"TRAWLYD128F42153D2",5,10,5,3,9,9
"TRAWMBE128F423A76C",6,10,10,7,10,7
"TRAWNDA128F9341C35",5,10,3,2,9,9
"TRAWNOH128F4287513",5,4,5,9,7,7
"TRAWNSM12903CA71FC",5,10,5,7,7,4
"TRAWOBG128F93256C6",10,10,10,5,2,9
"TRAWOCY128F145B051",9,4,10,10,6,9
"TRAWODX128F42AC413",10,6,10,9,6,7
"TRAWOHD128F148D176",2,3,9,3,5,5
"TRAWOVS128F424DC49",2,9,2,8,6,1
"TRAWPBO128F933D918",9,6,6,5,2,8
"TRAWPFX128F92E58B5",6,3,2,3,6,9
"TRAWPNC128F92EAA90",5,4,7,4,6,10
"TRAWPXB12903CFA413",5,2,6,7,9,7
"TRAWQSO128F424E2F9",6,10,10,7,5,9
"TRAWRHQ128F1495E6B",9,9,5,10,5,4
"TRAWRKQ128F429866C",2,6,3,5,2,6
"TRAWRWK128F4260B37",5,4,5,2,2,5
"TRAWSJK128F42767F2",5,6,6,1,10,1
"TRAWSSL12903CC4734",9,3,4,1,4,9
"TRAWSXV128F4273E35",1,3,5,7,10,4
"TRAWSYF128F149431A",1,9,7,10,4,9
"TRAWTGS128F14569A8",6,3,5,3,1,4
"TRAWTHB12903CB6497",5,1,1,4,8,10
"TRAWTKK128F92C25D0",6,4,5,1,5,10
"TRAWTUG12903CB2DB8",3,6,7,8,5,7
"TRAWTUV128F426DD46",6,4,10,1,2,10
"TRAWUJY128F9342A56",10,9,1,5,3,8
"TRAWULX128F4291255",2,4,2,3,9,1
"TRAWUUP12903CEF2F9",6,4,8,1,9,8
"TRAWVNL128F9327983",3,4,3,2,5,6
"TRAWVWS128F42ADCD1",2,4,3,10,10,7
"TRAWWHT128F426894E",6,10,7,10,1,6
"TRAWWIK128E078D19C",4,10,4,10,9,7
"TRAWWQM128F148C796",1,10,3,9,9,9
"TRAWXYD128F4255FBD",2,4,3,4,10,10
"TRAWYDB12903CC4519",6,10,1,1,8,9
"TRAWYNV128F92F5E7E",2,3,3,1,1,8
"TRAWYTV128F429DEE8",5,3,6,3,7,6
"TRAWZLK128F930EC02",5,6,3,2,6,10
"TRAWZRG128F1489B24",9,7,5,5,10,8
"TRAXAHC128F421D3C3",5,6,1,3,9,4
"TRAXALK128F1462FF7",10,6,10,7,1,9
"TRAXAMO128F4289D24",10,9,5,5,2,10
"TRAXAZZ128F4255FAF",5,7,3,4,8,6
"TRAXBUJ128F4247432",1,4,3,1,8,1
"TRAXBVE128F932BD11",4,3,4,5,10,8
"TRAXCZO12903CB819D",5,9,2,2,5,9
"TRAXDAH128F422BBFC",1,7,2,7,2,9
"TRAXDBM128E0785BD8",1,6,2,2,7,7
"TRAXDML128E079159C",2,6,3,1,10,4
"TRAXDNU128F9341CDE",10,4,6,7,4,9
"TRAXDRW128F428A030",9,4,4,7,8,8
"TRAXEHW128F423E590",10,2,6,1,10,9
"TRAXGVY128F933E9C9",1,6,5,2,5,10
"TRAXHQZ128F4278712",6,10,5,1,1,9
"TRAXIES128F426C8F0",10,10,6,1,5,9
"TRAXIYW12903CB4343",6,9,1,5,3,8
"TRAXJBW128E0788652",6,1,10,7,10,9
"TRAXJGG128EF3686D7",10,4,6,3,4,10
"TRAXJHG128F427EA02",1,3,1,5,4,9
"TRAXJIS12903CCAF92",9,3,6,5,2,6
"TRAXJOA128F93474E8",10,6,1,7,4,10
"TRAXJVO128F42AC534",9,10,1,7,4,10
"TRAXLIU128E07860D4",2,3,1,3,8,10
"TRAXLLN128F428B982",5,10,5,7,3,9
"TRAXLPR128F428E466",5,3,5,3,7,7
"TRAXLYT128F9348137",9,6,4,9,10,10
"TRAXMWV128F14612AB",5,3,1,1,10,9
"TRAXOQD12903CDD59D",4,9,4,5,3,8
"TRAXOQP128F930DD49",9,10,1,10,2,4
"TRAXOWL128F9343C95",5,7,3,9,7,4
"TRAXPEN128F933F4DC",10,9,8,5,8,9
"TRAXPGM128F428BBA6",9,4,6,10,9,5
"TRAXPHE128F92F4100",1,4,7,5,2,8
"TRAXPJU128F148ADE8",5,3,5,4,9,9
"TRAXQDR128F4260194",9,3,6,3,9,4
"TRAXQUZ128F42B77BE",5,10,5,3,2,4
"TRAXQZA128F1463DEB",2,10,7,3,4,6
"TRAXRGF128F930A59F",9,6,6,4,8,1
"TRAXRSK128F42B44D2",5,4,6,4,6,8
"TRAXRWA128F42464CD",4,9,4,3,9,6
"TRAXSWS128F4254E1A",1,4,2,2,10,4
"TRAXSWX128E0792BEF",9,4,6,10,9,10
"TRAXUBG128F9332164",10,7,6,10,7,9
"TRAXUHM128E078900C",6,2,1,4,9,10
"TRAXUIZ12903CDF737",9,9,4,1,8,6
"TRAXUPN128F42855C8",10,6,1,2,9,3
"TRAXUQL128F932D6C4",5,4,5,3,6,7
"TRAXWDS12903CEE35E",1,10,5,7,1,8
"TRAXWLM128F1453E3B",10,6,4,7,8,2
"TRAXWQU128F42716E2",6,10,6,1,7,9
"TRAXXGI128F14688C7",6,10,5,7,4,10
"TRAXXIT128F4263075",1,4,3,2,7,9
"TRAXXQA128F9301855",6,4,5,1,1,6
"TRAXYGX128F93158FC",9,4,6,10,9,6
"TRAXYPP128F92F9111",1,10,5,3,5,6
"TRAXZSJ128F145B3B0",2,4,3,10,1,7
"TRAYABW128F4235888",9,4,6,1,10,9
"TRAYADL128F14A4735",10,6,10,10,5,6
"TRAYAKN128F9330A65",6,10,5,4,10,9
"TRAYBTO128F932008B",1,4,3,9,9,7
"TRAYCIH128E07890B9",4,3,4,10,5,10
"TRAYCVB128F92EB7B0",1,6,1,9,10,10
"TRAYDJL128F145F261",6,4,10,7,3,10
"TRAYDXA128F42296C6",10,5,6,7,5,10
"TRAYDYV128F42906E1",10,10,3,7,9,10
"TRAYDZH128C71967BC",10,4,4,1,8,8
"TRAYDZS128F4288459",5,4,3,4,9,1
"TRAYEGN128F9361233",1,2,5,7,5,1
"TRAYEKM128F92FB049",3,4,7,7,7,10
"TRAYESZ128F1458FAE",1,6,9,3,8,6
"TRAYEUY128F4233766",10,1,10,10,5,3
"TRAYFBF128F92C52AB",6,4,6,4,1,9
"TRAYFPK128E07850DC",5,4,6,8,10,6
"TRAYFXH128F92E20F8",6,6,1,4,9,9
"TRAYGBT12903CF5DF0",9,4,4,3,3,9
"TRAYGQU128F934B4F5",9,7,4,1,3,8
"TRAYGYF128F930CA01",5,3,1,2,1,7
"TRAYHSN128F427E065",9,6,10,4,10,9
"TRAYICR128F4282520",6,6,6,3,8,4
"TRAYIUG12903CC7E3C",2,3,2,7,2,9
"TRAYIUY128F4289952",6,10,5,7,2,10
"TRAYJHF128F4294CB8",5,7,5,4,8,10
"TRAYJMK128F9300253",6,10,2,4,10,4
"TRAYJOF128F92F9EEA",6,7,1,2,6,9
"TRAYKOC128F930D2B8",2,10,7,7,7,8
"TRAYKTU128F934C82A",1,10,3,1,8,8
"TRAYKZI128F932B9E8",5,10,2,5,8,8
"TRAYLEA128F42B9487",2,9,3,2,1,10
"TRAYLKH128F427BCCC",3,10,7,1,8,8
"TRAYLRT128F42605AF",5,3,6,8,1,7
"TRAYLSA12903CD02FC",10,9,1,5,10,10
"TRAYMFR12903D09540",9,4,6,7,1,8
"TRAYMJB12903CB050F",10,6,6,3,9,7
"TRAYMKM128F4277046",10,6,4,10,4,6
"TRAYMXS128F1452986",1,7,10,5,2,8
"TRAYNVX128F933091B",6,6,10,7,10,5
"TRAYOQI128F92F0967",6,6,4,3,3,8
"TRAYOXN128E07926A8",5,4,3,4,4,1
"TRAYPFH128E07937C3",3,4,7,4,2,9
"TRAYPMR128E0785DD1",3,10,2,2,5,1
"TRAYQAI12903CBDD3D",10,4,6,7,2,10
"TRAYQCQ12903C99425",1,1,2,2,9,6
"TRAYQKQ128F1491182",10,4,10,7,8,7
"TRAYRPQ128F428DCC8",6,1,10,6,9,2
"TRAYSMW128F1468307",6,3,5,7,2,9
"TRAYSUA128F9338AD8",3,4,9,2,4,6
"TRAYTDZ128F93146E3",10,4,4,1,9,10
"TRAYTME128F423DC95",6,10,1,8,3,1
"TRAYTMY12903CE4E5A",9,3,1,10,7,9
"TRAYUCR128E078EE0F",1,10,8,4,3,9
"TRAYUCR128F92E574F",5,2,5,2,2,10
"TRAYUKR128F9344BB4",6,10,6,1,10,8
"TRAYUWU128F423F66D",10,1,4,10,6,9
"TRAYVLL128F9335B7A",6,10,2,5,3,8
"TRAYWHE128F92E9D6A",10,2,10,10,6,10
"TRAYWLI128F9300223",1,10,5,3,10,6
"TRAYXBT128F425C974",5,10,3,3,2,10
"TRAYXDI128F428CD9C",4,2,4,3,10,2
"TRAYXPS128F422842E",10,4,6,2,2,6
"TRAYXZX128F930F022",6,3,5,2,1,4
"TRAYYAU128F92D58D0",10,4,4,7,7,10
"TRAYYKO128F92E133B",5,4,10,4,9,6
"TRAYZBA128F4264551",5,10,3,4,9,1
"TRAYZXR128F934858F",4,6,6,5,2,9
"TRAYZXS12903CF1C4F",1,7,7,1,10,8
"TRAYZXT128F42650B1",10,7,3,7,8,9
"TRAYZZB128F425B73A",1,6,5,7,3,9
"TRAZACV128F426983D",1,4,1,9,9,6
"TRAZAKG12903CF8157",10,4,5,1,3,8
"TRAZASN128F427DB44",1,9,5,2,2,1
"TRAZBBP128E07845D4",4,10,4,2,2,2
"TRAZCOX128F42B6555",6,10,10,1,8,8
"TRAZCPK128E078AF3F",10,10,5,1,3,8
"TRAZCSY128F42683F2",5,4,10,1,2,8
"TRAZCUE128F4223510",1,6,2,8,4,5
"TRAZDHL12903CBBB4B",9,9,1,2,4,4
"TRAZDKY128F4235130",10,7,10,7,9,9
"TRAZDPO128E078ECE6",2,7,7,2,7,8
"TRAZDTT128F9346306",10,6,8,9,2,7
"TRAZEBG128F1456D2E",9,9,10,1,2,8
"TRAZEDS128F14836FE",5,6,6,5,2,9
"TRAZEYQ12903C9D099",9,10,1,4,4,9
"TRAZFYU128F93569C6",1,7,7,2,9,4
"TRAZHYX128F9311662",9,10,10,10,9,10
"TRAZHZI128F930653D",7,4,9,8,2,7
"TRAZIQB128F934B755",10,7,3,5,10,8
"TRAZJGD128F4289D2A",9,6,4,4,2,4
"TRAZJOI12903CDA550",2,3,3,3,9,9
"TRAZJRY128F92E9CD6",6,4,6,7,6,9
"TRAZJUH128F934465B",2,4,3,5,2,9
"TRAZKAG12903CD1918",10,6,10,5,8,9
"TRAZKPM12903CE9664",9,9,4,8,9,7
"TRAZLCH12903CE3D6D",6,3,10,10,8,1
"TRAZLCL128F92F0A89",10,10,1,4,8,9
"TRAZLFO12903CB6C0B",1,10,3,9,9,7
"TRAZLLR128F42A8DCC",1,3,5,3,5,4
"TRAZLVR128E078F044",1,10,2,3,2,6
"TRAZNDI128F9321777",9,6,6,5,10,4
"TRAZOEU128F92E28DD",1,2,5,2,4,6
"TRAZORC128F426C323",6,4,1,4,8,8
"TRAZOSB128F9302A07",10,4,8,3,8,5
"TRAZPJO12903CB4EA6",9,4,6,1,1,1
"TRAZPMW12903CFAC16",1,4,6,2,10,6
"TRAZPYG128F4288AC3",5,3,3,4,8,1
"TRAZQET128F42A0449",10,4,6,6,1,9
"TRAZRAR128F1477778",9,9,6,2,9,6
"TRAZRBR128E0782989",2,10,3,10,6,7
"TRAZRKK12903CD7385",10,6,10,4,6,6
"TRAZRKX12903D0C4DB",10,10,1,10,1,4
"TRAZRXP12903CBD6A9",6,6,1,7,9,6
"TRAZSCZ128F42554F4",5,4,10,3,1,10
"TRAZSFV128F14806FE",7,3,9,9,9,6
"TRAZSJY128F92CCEA0",5,10,5,2,5,9
"TRAZSRV128F1452866",1,10,2,3,6,6
"TRAZSVJ128E0785129",10,10,6,1,10,9
"TRAZSVT128F92DEC7B",6,4,5,3,7,7
"TRAZSZD128F424AA49",5,10,6,2,10,7
"TRAZTBZ12903CFB6DA",10,10,6,4,4,8
"TRAZUVK12903C9ACBA",5,10,3,9,4,6
"TRAZVFJ128F9310CE2",10,4,6,2,2,9
"TRAZVMZ128F1476A87",6,3,1,2,9,6
"TRAZVVV128F428A033",9,7,8,7,6,6
"TRAZVYP128F1459AD9",1,4,5,8,1,10
"TRAZVZJ128F92EF28A",10,6,1,7,3,8
"TRAZWDT128F4241B14",10,6,10,10,1,7
"TRAZWFF128F42508A6",6,4,3,5,10,8
"TRAZWGV128F425DA7C",5,6,10,2,8,9
"TRAZWSN12903CD494F",9,4,6,9,1,7
"TRAZWTT128F935AA16",2,4,7,3,5,8
"TRAZXBG12903CC5BF2",6,7,1,4,3,9
"TRAZXBO128F429DA70",2,4,3,3,5,10
"TRAZXDC128F429874E",6,6,6,1,2,10
"TRAZYJO128F42AF4B5",9,10,6,1,2,10
"TRAZYQF12903CE3DA5",6,3,2,1,8,9
"TRAZYQU128F934AC32",5,3,1,4,1,8
"TRAZYVR128F4280A24",6,6,4,8,3,10
"TRAZYYE128F1456A0E",9,10,6,2,4,4
"TRAZYZQ128F146653D",3,4,7,1,10,9
"TRAZZLJ128E07945F2",2,4,7,1,3,7
"TRAZZQC128F427A0F5",5,6,2,1,8,9
"TRBAAGQ128F148D17E",5,4,1,8,1,7
"TRBAAOC128F42A6BEA",4,6,4,9,8,2
"TRBAAOT128F4261A18",3,2,7,3,6,5
"TRBABAC128E07852A8",9,2,4,8,9,3
"TRBABGU128F93391B2",1,3,7,2,1,5
"TRBABRR128F427D982",5,10,2,7,3,6
"TRBACUF128F4247F8C",1,6,6,2,10,1
"TRBADFY128F422F325",6,7,5,1,4,9
"TRBADGN128F42AA534",6,1,10,2,2,9
"TRBAEJD128F4264B50",6,7,1,1,3,8
"TRBAFBU128F427EFCE",1,4,1,2,1,1
"TRBAFWX12903CA9831",1,7,7,4,7,8
"TRBAHBP128F42985D6",4,3,4,1,3,8
"TRBAHED128F426A1C2",4,4,4,7,3,10
"TRBAHEH128F9327D39",6,3,1,10,10,4
"TRBAHID128F4278EAF",6,7,10,7,8,9
"TRBAHJW128F92CC8B4",7,10,9,8,4,7
"TRBAHPZ128F427FCEA",10,7,1,1,7,9
"TRBAIAW128F92C5652",5,10,3,5,3,8
"TRBAIHN128F427D480",9,4,6,1,5,8
"TRBAIKM12903CBCF21",1,10,3,2,6,4
"TRBAJRL128F1482E66",1,3,7,3,5,7
"TRBAJXD12903CC3493",6,6,2,2,1,1
"TRBAKRM128F4248228",9,4,6,2,2,1
"TRBALIJ128F14884B5",6,4,2,4,7,9
"TRBAMES128F14947D4",1,4,3,4,7,7
"TRBAMEV128F148C814",5,10,1,7,4,8
"TRBAMFR128F4287A3C",2,10,3,7,9,6
"TRBAMXF128F1470AD6",5,6,2,7,5,1
"TRBANAZ12903CCFE35",6,10,1,7,8,1
"TRBANBC128F147E363",1,4,10,1,8,10
"TRBANCJ128F42812AE",5,1,1,3,9,6
"TRBANHO128F425A477",5,4,1,7,6,10
"TRBANHO128F93466AF",9,4,10,1,3,10
"TRBANPN128F148CC45",10,1,1,7,3,4
"TRBAOBO128F1456D66",1,6,1,9,10,10
"TRBAOJU128F42621E6",10,7,10,4,2,8
"TRBARCH128F92FB2A9",10,3,2,4,7,9
"TRBARHH128E078EDE9",2,4,7,8,5,9
"TRBARSX12903D03AE5",5,1,5,3,4,3
"TRBASEQ128F93155D2",10,4,6,1,1,8
"TRBASGH128F4276439",3,4,2,10,3,9
"TRBATEY128F4285370",9,9,6,1,4,10
"TRBATGR128F14AD2FA",4,4,4,10,6,7
"TRBATKI128F4284D54",1,6,1,9,10,1
"TRBATRO128F4225566",5,6,10,1,9,10
"TRBATSC128F427D709",5,10,3,3,6,6
"TRBAUBI128F424142E",3,9,9,5,3,8
"TRBAULO128F93300AE",1,4,7,3,9,4
"TRBAUPE128F9305DC7",10,3,1,2,5,4
"TRBAUVN128F932FEF8",6,6,4,2,10,1
"TRBAVLT128F428F147",1,3,3,7,9,9
"TRBAVMF12903CEA4FB",5,6,10,5,2,9
"TRBAWKB128F931BAEE",1,4,7,2,6,9
"TRBAWSG128F14ADD48",6,6,10,1,1,6
"TRBAXCV12903CA4067",6,3,2,10,6,9
"TRBAXDP12903CD1922",6,10,2,1,9,8
"TRBAXUW128F933BBD9",10,9,6,4,7,7
"TRBAYEM12903CAC072",1,10,7,1,7,9
"TRBAYER128F933D3B7",9,10,5,2,3,6
"TRBAZFD12903CB641D",5,3,5,7,7,9
"TRBAZYH128F4288198",1,4,5,5,3,8
"TRBBAHD128F428E0FE",3,6,9,2,6,7
"TRBBAKH128F92FA339",6,10,2,7,4,8
"TRBBBMT128F42A0A4E",5,6,6,1,10,1
"TRBBCBT12903CB0497",10,1,6,5,3,8
"TRBBCJH128F930C970",2,6,3,2,8,5
"TRBBDPA12903CCCA06",1,10,3,5,2,8
"TRBBDXO128F14A4737",9,10,6,7,8,9
"TRBBEGG128F9314BAA",6,6,5,2,1,9
"TRBBEJC128F4281471",6,10,5,10,8,9
"TRBBEQY128F42373AF",6,3,6,3,1,10
"TRBBEYU128F4235623",5,6,3,2,8,6
"TRBBFBZ128F42493ED",2,10,3,3,6,9
"TRBBFHG128F932B9D6",7,7,9,4,10,8
"TRBBFOT12903CBCB4F",4,10,4,9,10,4
"TRBBFUA128F933AB95",9,6,1,9,7,4
"TRBBGDK128F427D450",5,2,6,8,1,1
"TRBBGQN128F9310CBE",6,10,10,9,1,1
"TRBBHFE12903CA5EEB",6,6,2,1,3,8
"TRBBHLO128F9302EA4",5,10,7,3,6,9
"TRBBHPQ128F145A7F8",6,4,2,7,3,9
"TRBBHUW128F429476F",9,3,6,7,7,10
"TRBBIBE128F4226E29",6,3,2,7,8,8
"TRBBICL128F42ADFD3",9,6,4,8,9,10
"TRBBILZ12903CB422C",9,9,6,1,3,8
"TRBBIPG128F92FA94D",6,4,2,2,9,9
"TRBBJAJ128F425DA40",6,3,6,2,3,8
"TRBBJBO128F92EB2C5",6,7,8,6,8,6
"TRBBJFO12903D074EE",9,6,10,10,10,6
"TRBBJVE128F9303F10",6,3,8,8,9,7
"TRBBKLD128F424ABF5",1,7,2,1,1,8
"TRBBKXZ128F4215C88",1,6,3,2,5,9
"TRBBLFA12903CDC496",10,1,10,4,4,4
"TRBBLTE128F42558EF",6,2,6,4,4,8
"TRBBLTV12903CC3C00",1,10,7,1,6,7
"TRBBMAL128F146B288",3,4,7,1,9,9
"TRBBMDA12903CB688E",1,6,5,8,7,6
"TRBBMIF12903CA1EB0",10,4,6,7,1,6
"TRBBMLR128F1466822",6,7,1,4,2,4
"TRBBMPH128F1469775",10,4,5,1,2,8
"TRBBMQN128EF35F995",10,10,1,2,6,7
"TRBBMXI128F428CCD1",2,4,7,1,10,8
"TRBBNNS128F931C83D",1,7,9,1,6,9
"TRBBOBQ12903CC5186",5,10,1,8,2,1
"TRBBOME12903CC3862",6,4,1,9,5,9
"TRBBOPV12903CFB50F",10,6,10,7,2,9
"TRBBOUN128F425A4E6",6,10,6,7,9,6
"TRBBPGU12903CF7C25",1,9,7,7,2,9
"TRBBPPB128F14AB242",10,10,1,4,2,6
"TRBBPSX128F93332EE",9,9,6,2,5,7
"TRBBQFV128F4252EFF",5,7,3,2,5,6
"TRBBQJZ128F92C5AF2",1,4,3,7,5,8
"TRBBQPP128F92EE611",2,10,3,3,7,5
"TRBBREF128F933CCDD",5,6,1,5,3,6
"TRBBTDV128F934F6B1",10,9,5,7,9,10
"TRBBTLA128F4226907",6,4,3,2,4,8
"TRBBTUD128F42A10A3",6,10,2,1,3,8
"TRBBTZW12903CE7495",6,10,1,3,5,9
"TRBBUCK128F42AFAD6",3,6,7,7,3,4
"TRBBULA128F146E122",9,3,6,7,10,9
"TRBBUOJ128F92FC6F2",10,10,5,1,3,8
"TRBBVBM128F4276D82",1,4,6,1,9,8
"TRBBVNR128E078E1E4",6,7,1,9,2,4
"TRBBVSO128F9341C12",10,2,6,2,1,2
"TRBBWDJ128F42595D5",9,3,6,9,4,7
"TRBBWIP128F4287400",5,10,3,7,5,10
"TRBBWNS128F426F760",2,1,2,2,2,6
"TRBBXEG128F424EC2C",6,4,6,3,1,9
"TRBBXMC128F422C330",10,10,6,1,1,8
"TRBBXML128F4256DFF",1,9,8,9,8,6
"TRBBYDT128F14805B4",10,4,1,5,3,8
"TRBBYFJ128F42A22D4",4,6,6,1,5,9
"TRBBYOI128F4256732",9,7,6,10,10,8
"TRBBZOG128F422B02B",9,4,6,8,5,6
"TRBBZQM128F931A529",6,10,5,9,5,7
"TRBBZXJ12903CD3E8D",2,4,7,2,10,7
"TRBCADG128F14AB245",6,3,2,1,7,8
"TRBCALG128F1483839",6,4,1,3,8,2
"TRBCANP128F92FA6B9",2,3,7,9,5,7
"TRBCBLN128F932BC9D",5,7,2,5,3,8
"TRBCBLV128F14ADF31",6,4,1,10,1,9
"TRBCBMG12903CDE2A4",6,4,6,2,4,7
"TRBCBVY128F933A195",6,4,1,2,10,10
"TRBCBXZ128F14628C3",5,4,5,2,2,9
"TRBCCAJ128F148CBBB",6,7,5,8,3,4
"TRBCDCS128F422F0CF",4,7,4,5,10,8
"TRBCEVJ128F428E090",2,4,7,3,2,4
"TRBCFLI128F429F370",10,8,6,7,10,2
"TRBCGET128F9315E90",6,10,1,7,2,10
"TRBCGKB12903CC0031",10,4,5,5,2,9
"TRBCGKN128F4269BD4",2,4,3,2,1,9
"TRBCGRI128F93355E9",6,4,2,1,6,9
"TRBCGXN128F148C0CD",10,10,10,4,5,9
"TRBCHEE128F92F82D0",5,6,3,7,5,7
"TRBCHSH128F93304E1",10,4,1,1,3,8
"TRBCIEV12903CE60F1",10,10,5,10,4,9
"TRBCIRO128F42B0277",5,10,10,7,3,9
"TRBCIXV128F4261F09",1,3,2,2,6,6
"TRBCJIX128F424F99E",1,10,2,7,5,4
"TRBCJQH128F1497A7B",1,1,7,9,4,6
"TRBCJRW12903CD02BC",9,7,6,9,1,8
"TRBCJSZ128E07969B5",1,10,2,2,1,7
"TRBCJUF128F93190C2",1,10,3,7,10,6
"TRBCKEI128F92FE542",5,3,5,3,6,4
"TRBCKNP128F4222D54",1,10,5,10,9,9
"TRBCKRF128F9320920",5,6,2,4,8,9
"TRBCLGH12903CCA1D0",9,4,6,1,2,10
"TRBCMSO128F92E6AE5",6,7,1,4,8,9
"TRBCNWM128F92D50EC",5,3,2,1,2,4
"TRBCPXR128F42AC544",9,4,10,1,5,10
"TRBCQLB128F9332CF4",6,7,6,1,9,8
"TRBCRDW128F422D8BA",2,4,7,1,3,8
"TRBCSDW128F424D686",6,4,6,2,5,7
"TRBCSMH128F146A146",10,9,5,3,9,9
"TRBCSSP128F933B1D2",6,2,10,1,5,10
"TRBCTBG128F42B7E1B",1,4,3,4,7,6
"TRBCTRX128F4299237",5,7,3,2,2,10
"TRBCUBV128F145F7E9",6,4,6,2,6,4
"TRBCULX128F92F5CB3",2,10,7,7,10,10
"TRBCUPT128F1462B73",6,7,6,7,3,9
"TRBCVFF128F4222C3C",2,10,3,3,9,6
"TRBCVKL128F92CE9EF",9,6,1,10,2,9
"TRBCVPD12903CECBE8",5,10,7,1,5,9
"TRBCWGM128F428D6FD",9,3,5,10,7,6
"TRBCWOW128F1467692",6,3,1,7,2,4
"TRBCWPC128F42438DF",1,4,3,2,9,7
"TRBCWYB128F92E246A",2,10,7,5,10,8
"TRBCWYJ128F93213A1",2,3,2,2,2,9
"TRBCXDA128F426A86F",5,4,5,3,2,9
"TRBCYEC128F423A352",5,6,2,4,8,9
"TRBCYOI128F1455566",10,6,1,3,3,2
"TRBDAVU128F423814A",2,10,5,9,9,6
"TRBDBJM128F1456D2D",6,7,3,5,5,9
"TRBDBOI128E07817D7",6,10,2,1,10,6
"TRBDBRX128F92F6E19",10,10,10,9,7,4
"TRBDBVM128F427BCC9",1,4,6,3,3,6
"TRBDBXO128F42B3E45",10,3,10,2,9,7
"TRBDCAB128F92F7EE4",10,6,2,5,3,8
"TRBDCAH128EF362D31",2,3,2,1,3,10
"TRBDDKF128F426BF7B",1,7,5,3,6,9
"TRBDDTT128F4291192",1,7,3,5,3,8
"TRBDEKV128F426BDAF",9,9,1,1,3,8
"TRBDENV12903CC4FDA",6,4,5,1,10,9
"TRBDEXM128F4291A7F",1,9,3,5,8,9
"TRBDFCT128F4285E05",10,4,4,1,7,1
"TRBDFMM128F42A63D0",6,7,1,4,8,10
"TRBDFPV128F42A072C",9,2,6,4,7,8
"TRBDFUU128F92EF5BC",1,7,3,5,3,8
"TRBDHKL128F426BE45",6,6,10,7,6,10
"TRBDHUD128F934B032",10,10,4,4,2,8
"TRBDHUE128F9317991",9,4,10,10,4,7
"TRBDHUR128F423EC48",2,6,6,3,6,9
"TRBDIBC12903CE95C2",1,6,7,9,4,7
"TRBDIMX128F147A307",2,4,9,10,7,1
"TRBDIOP128EF35F99C",1,10,3,2,10,1
"TRBDIPI128F4279185",10,4,1,10,4,6
"TRBDITJ128F145998C",5,3,2,5,10,10
"TRBDITK128F931B9A7",5,6,1,7,1,8
"TRBDIZG12903CD68A3",9,9,4,5,3,8
"TRBDKOV128F4290943",6,10,10,4,1,8
"TRBDKQI128F1465028",6,9,8,2,5,7
"TRBDLLL128F9331D6E",10,6,2,5,10,10
"TRBDLRT128F4296B2F",2,10,2,3,10,3
"TRBDLXE128F9310E95",7,10,7,7,5,6
"TRBDMAU128F935960B",9,7,6,1,10,9
"TRBDMCC128F9358267",5,4,3,7,4,9
"TRBDMRW128F933A391",6,9,2,1,2,9
"TRBDMWS128F423A021",6,6,1,3,8,7
"TRBDNGV128F42895AE",9,3,4,10,9,6
"TRBDNNY128F147C34C",6,7,1,4,9,9
"TRBDNWG12903CC3873",6,10,1,3,6,9
"TRBDNZI128F14A9065",6,4,1,3,10,10
"TRBDODQ128F423A780",6,7,5,7,7,9
"TRBDOEI128F9329AE5",6,4,1,7,8,4
"TRBDOVF128E0795641",5,3,1,7,10,4
"TRBDPHP128F92C2AE1",1,5,6,9,4,3
"TRBDPRV128F9306A7E",10,10,6,7,1,9
"TRBDQLL128E078B757",6,3,8,9,5,6
"TRBDRIN128F9308ABF",1,9,7,3,6,7
"TRBDRIR128F4241358",1,4,7,4,8,8
"TRBDROB128F93093CA",1,3,3,3,8,1
"TRBDSFP128E07937B9",5,10,1,7,4,8
"TRBDSLA128F4288246",1,4,1,2,9,10
"TRBDSPH12903CA2967",5,10,7,7,8,6
"TRBDSWA128F92FE70A",10,6,10,7,6,6
"TRBDSXV128F92F5B43",2,9,7,4,3,9
"TRBDTNY128F9327A10",5,4,3,7,7,10
"TRBDTZX128F92DFA66",6,4,10,1,9,10
"TRBDUSM128F9339A13",1,1,5,10,7,3
"TRBDUXD128F148328A",1,10,3,9,10,10
"TRBDVCW128F427C875",4,4,4,10,3,5
"TRBDVJF128E078894B",3,1,3,1,4,3
"TRBDVLN128E078C6FB",3,6,5,6,7,3
"TRBDVVT128F4279D11",5,3,5,3,8,5
"TRBDVZL128F92F579F",6,3,2,1,1,8
"TRBDWLE128F42B3112",6,1,2,3,7,6
"TRBDWRY128F427991E",7,9,9,8,1,5
"TRBDYEF128F423DC43",5,2,2,8,5,1
"TRBDYIC128F92F1D17",5,6,1,8,3,2
"TRBEAMO128F425B75F",5,4,10,9,5,10
"TRBEATE128E078F0D8",1,4,3,7,10,8
"TRBEAWP128F422B4D1",4,1,4,10,5,7
"TRBEAXZ128F424347B",6,3,8,7,10,10
"TRBEBEZ128E0792F08",10,1,2,3,4,5
"TRBEBFU128F14971BD",3,4,3,3,1,9
"TRBEBNV128F423783D",4,4,6,1,3,8
"TRBEBUU128F92C945D",3,6,9,3,7,6
"TRBEBVZ128F425A660",2,10,3,10,5,9
"TRBEBWG128F93214A4",1,9,2,2,7,1
"TRBEBWN128F933D21F",5,4,5,4,9,9
"TRBEBYV128F14A0B65",1,4,5,3,10,1
"TRBECAL128F4270F27",3,1,2,3,7,1
"TRBECBY128F148B6F3",10,9,1,10,6,4
"TRBECKU128F428B08A",5,6,5,3,10,2
"TRBECUJ128F14B0BA7",10,9,10,10,7,6
"TRBEDBC128F145B134",5,6,5,2,8,9
"TRBEDIR128F4250FBD",5,9,5,7,6,6
"TRBEELS128F42B63A8",2,10,7,2,4,8
"TRBEERY128F4231A2E",5,10,6,2,6,9
"TRBEFFG128E0793C24",5,3,6,8,10,1
"TRBEFJE128F932139E",5,6,1,6,6,7
"TRBEFQB128F932138A",1,7,3,1,4,9
"TRBEHBS128F4233471",6,6,5,3,10,9
"TRBEHFA128F145B3DA",6,4,1,10,2,6
"TRBEHGH128E078DEDE",4,2,4,10,8,6
"TRBEHNT128E0792546",1,1,3,1,10,8
"TRBEIAM12903CF4476",10,4,5,3,6,10
"TRBEIBI12903CBD2B6",10,6,2,3,8,9
"TRBEIBI12903CC4C7B",1,10,7,1,1,8
"TRBEIKK128F14628D6",5,10,5,2,9,9
"TRBEIRT128F42A6680",6,10,10,4,2,10
"TRBEISL128F931B107",6,4,6,8,1,6
"TRBEIVC128F9320E95",6,7,10,7,4,7
"TRBEIYU128F92E88A9",9,7,6,10,8,9
"TRBEKGF12903CBE1C6",6,6,5,9,1,1
"TRBEKGR128F425DA44",2,4,5,8,9,3
"TRBELDP128F427EDD0",9,7,4,5,2,9
"TRBEMTF128F42660CA",6,10,2,3,1,8
"TRBENNA12903D0411A",9,7,6,4,1,10
"TRBENTT128E0781C26",10,4,5,2,1,9
"TRBENZB128F429C5FD",7,4,9,2,2,4
"TRBENZL128F1455ECA",9,10,1,10,5,7
"TRBEOMZ12903CBCD33",5,7,10,2,6,10
"TRBEONX128E0788D2B",10,3,6,2,1,4
"TRBEOUP12903CF652E",3,3,7,7,6,9
"TRBEQFT128F4238A28",6,6,1,7,8,1
"TRBERCZ128E0787D93",6,10,5,1,3,9
"TRBESEX128F147BB13",1,4,3,1,2,6
"TRBESGH128E0788912",6,3,5,4,4,6
"TRBETHV128F429722F",6,1,6,1,1,9
"TRBETVK128F4288B49",2,9,9,10,5,6
"TRBEUKI128F9318306",5,9,3,10,7,9
"TRBEUMG128F422305C",10,6,1,5,2,4
"TRBEUSV128F42A5F43",10,4,1,1,4,9
"TRBEVTM128F92FE2B2",2,4,2,7,10,7
"TRBEWCS128F428BA34",4,7,6,4,8,9
"TRBEWTY12903CB4779",6,7,7,1,10,8
"TRBEXUF128F92DF175",2,10,2,5,8,1
"TRBEYDS128F148C563",6,6,10,4,3,1
"TRBEYEO128F9308A8D",5,4,5,8,4,9
"TRBEYJR128F4292651",5,3,3,8,9,2
"TRBEYYM128F1493C56",5,3,3,3,1,6
"TRBFAKP128F148B600",6,10,5,2,1,8
"TRBFANX128F42934C3",6,6,1,7,6,9
"TRBFBOG128F9356C6E",1,7,7,1,3,9
"TRBFBUO128F42A3DED",5,10,2,3,6,6
"TRBFCWN128F92D5E03",10,8,4,7,10,6
"TRBFCZL128F42915B0",9,3,4,1,3,8
"TRBFDGT128E0786A25",6,4,6,10,8,10
"TRBFDRD128F92F79D5",3,3,7,2,5,1
"TRBFEIX128F426A5F8",6,7,10,5,2,10
"TRBFGDW128F4261FA6",6,10,2,9,5,4
"TRBFGFF12903CF4183",10,6,6,7,7,10
"TRBFHQG128F93092E5",2,10,2,9,6,1
"TRBFHRA128F424D28A",10,2,6,10,6,1
"TRBFIAK128E07823AA",9,10,4,5,9,6
"TRBFICL12903C9CE02",1,4,2,2,2,9
"TRBFIHG128F4289CF9",4,9,6,1,2,8
"TRBFIUJ12903CFEB7C",1,10,3,7,3,8
"TRBFJDL128F1461579",7,4,7,2,2,6
"TRBFJGB128F42612B1",6,4,2,7,10,4
"TRBFJKU12903CEDB0C",1,10,10,10,8,1
"TRBFJPO128F4295BE3",3,4,3,7,3,1
"TRBFKHT128F427215E",2,4,3,3,10,6
"TRBFKNY128F92E0FF2",6,6,5,2,2,10
"TRBFLER128F148C52B",6,10,1,4,2,9
"TRBFLFI128F427F374",6,10,5,7,1,8
"TRBFLIP128E07897B4",1,7,10,2,2,8
"TRBFLOH128F42630E3",6,10,2,8,6,1
"TRBFLSD128F42A0F4C",6,10,1,2,10,10
"TRBFMAS128E078F352",5,10,1,7,2,6
"TRBFMFO128F421BFD4",6,4,5,8,9,10
"TRBFMGE12903CDECE5",5,6,10,7,7,6
"TRBFMTO128F9322AE7",5,4,6,5,3,8
"TRBFNBC12903CA9800",6,9,6,10,4,9
"TRBFNMG128F4278109",5,4,3,4,7,1
"TRBFOEA128F425D2DB",2,6,3,3,2,4
"TRBFPEP128F14ADD52",1,10,1,2,1,9
"TRBFPJD128F933B5C3",1,10,7,5,3,8
"TRBFPRL128F14569B9",7,4,9,8,1,7
"TRBFQPI128F4280CDA",3,2,2,4,3,5
"TRBFQQY128F4249C56",6,6,5,5,10,8
"TRBFRFR128E0781C86",9,9,6,4,8,8
"TRBFRNE128F42368B1",5,3,1,1,8,6
"TRBFRZX128F9341EAE",5,7,3,7,10,2
"TRBFSKB128F145C5B1",2,4,5,2,10,6
"TRBFSNP128F14572B5",5,4,1,2,5,9
"TRBFSPZ12903CB5230",10,10,5,10,6,7
"TRBFTHM12903CCC8FD",10,9,10,5,4,8
"TRBFTJP128F426AC3F",1,4,3,1,8,9
"TRBFUMI128F42B5731",10,4,1,2,5,6
"TRBFUNY128C7196B7D",5,6,8,3,1,4
"TRBFUPH128F426310A",6,4,1,2,3,10
"TRBFUPZ128F145DB81",5,6,3,10,5,9
"TRBFURI128F1455498",6,7,5,9,5,1
"TRBFUSW128F92D0357",5,4,5,7,7,9
"TRBFUXQ128F145B135",5,4,3,7,2,8
"TRBFVAA128F423C356",1,4,1,7,3,6
"TRBFVEP128F42621E3",10,7,5,5,2,8
"TRBFVMO128F14537D3",6,10,1,2,2,1
"TRBFVOP12903CF0DFA",2,3,7,2,8,10
"TRBFVZI128F147FCAF",2,3,3,10,6,6
"TRBFVZZ128F92FD7B5",5,6,3,7,8,9
"TRBFWSP128F92F29B4",5,4,1,9,2,8
"TRBFWTU128F4220AC5",4,6,4,8,3,1
"TRBFWYX128F145F889",4,6,4,9,10,4
"TRBFXMJ12903CB50F6",6,4,2,2,10,1
"TRBFXVN128E078CF62",2,9,7,1,8,10
"TRBFYJE128F14A8ABF",1,10,5,2,1,4
"TRBFYKT128F428AFF7",1,10,1,2,7,6
"TRBFZRA128F427030C",1,3,7,7,8,4
"TRBGACK12903CD5CF5",5,4,3,7,10,9
"TRBGBEE12903CBD301",1,3,2,2,10,4
"TRBGBGO128F4264203",1,4,3,5,9,9
"TRBGBIK128F4294A67",5,10,6,1,8,10
"TRBGBUY128F422B413",10,6,6,1,8,6
"TRBGCAK128F425F3CC",5,3,1,9,8,6
"TRBGCLK128F4237A50",3,3,7,2,6,6
"TRBGDXO128EF3531E8",4,7,4,1,2,9
"TRBGDXT128F1487E86",6,6,6,8,3,9
"TRBGEGB128F9345BD0",5,4,8,3,6,4
"TRBGEZA128F4286D23",6,10,1,7,2,8
"TRBGFLG128F1465AFD",10,3,5,1,4,9
"TRBGFUW12903CA0E6B",6,10,2,1,2,6
"TRBGFXC12903D01967",10,6,1,1,1,8
"TRBGGFE128E0785AC0",9,1,6,5,8,8
"TRBGGOS128F9307FC5",5,7,3,7,8,9
"TRBGGRK128F422CA7F",4,9,4,5,3,9
"TRBGGTE128F424ECBC",10,8,6,4,6,1
"TRBGGYE128F42B63AB",3,10,7,7,6,9
"TRBGHJG128F428ADB4",5,4,2,4,2,8
"TRBGHND128E079438C",9,10,4,3,8,10
"TRBGHVM128F146B47A",10,4,6,9,4,3
"TRBGIAQ128F1483BFE",5,7,2,7,8,10
"TRBGICJ128F427BA9A",6,3,10,2,9,9
"TRBGIDU128F4241A2E",6,4,10,1,5,6
"TRBGIPU128F4290454",7,10,9,3,8,3
"TRBGITL12903CF2662",2,4,7,1,2,8
"TRBGJDW128F4292EDB",5,10,2,1,2,4
"TRBGJIZ128F92E42BC",5,10,2,3,10,5
"TRBGJOG12903CC3E93",10,6,1,9,8,10
"TRBGKGR128F92EE206",3,3,3,9,1,10
"TRBGKJU128E079851F",1,10,3,2,2,6
"TRBGLAD128F9343692",5,6,3,7,9,4
"TRBGLRQ12903CA86EE",10,10,10,1,2,6
"TRBGLSW12903CE3D8A",10,4,6,3,8,1
"TRBGMAZ12903CC3707",9,10,6,1,2,6
"TRBGMJF128F425E8EA",1,6,10,2,6,6
"TRBGMUA128F92E9A1C",1,10,7,3,3,2
"TRBGMWQ12903CC23CD",10,10,1,5,3,8
"TRBGNAF128F9339532",9,6,4,1,3,8
"TRBGNCL128F428F56F",1,4,5,1,10,9
"TRBGNNC128F148D427",10,7,6,3,10,6
"TRBGODE128E0785BC8",6,10,2,9,9,7
"TRBGOPC128F4231959",7,4,9,1,2,8
"TRBGOVC128F934435E",9,4,6,10,6,5
"TRBGOWY12903D0E2A0",3,6,3,9,2,1
"TRBGPCC128F428FF02",10,6,5,1,10,8
"TRBGPHO128F4254D34",9,10,6,1,5,9
"TRBGPWE128F421CCB4",1,3,3,7,5,6
"TRBGPYK128F42796E1",2,10,2,3,2,9
"TRBGPZX128F4285105",10,10,10,7,10,10
"TRBGQKE128F425EDC9",3,6,3,7,9,1
"TRBGRGT12903CC5019",1,9,2,4,6,5
"TRBGRIP128F147FCA6",2,3,2,3,6,10
"TRBGRWH128F92E3551",6,10,1,7,1,10
"TRBGSAQ128F1470B41",1,6,4,3,10,1
"TRBGTNZ128F1481BBD",5,6,5,2,1,1
"TRBGTPK128F429E5D5",5,3,2,2,10,4
"TRBGTZD128EF34B6C3",6,3,4,10,10,6
"TRBGUHX128F4279757",10,6,6,4,9,7
"TRBGUSS128F92F94BB",10,9,2,7,3,9
"TRBGUTI128E07872F0",2,3,3,3,8,4
"TRBGUUE128F1494FB6",5,7,5,2,5,4
"TRBGUUF128F9334B97",1,7,3,5,5,10
"TRBGWEG12903CFF7EE",6,10,5,4,10,9
"TRBGWGD128F42418B2",10,8,10,5,8,8
"TRBGWJB128F4275C7B",10,3,4,2,10,4
"TRBGWQG128F92FB42D",2,7,7,7,7,1
"TRBGWVI128E0788AE7",2,4,3,9,1,6
"TRBGWWM12903CCE627",10,9,6,7,9,8
"TRBGXHJ128F93302C7",6,8,6,2,10,4
"TRBGXHS128F426B568",6,2,10,10,9,4
"TRBGXWM128F428E59A",6,3,3,2,1,8
"TRBGYCS128F4277187",1,6,3,5,3,8
"TRBGYSS128F1487760",10,6,6,7,10,1
"TRBGZKO128F92DB016",5,3,2,7,6,9
"TRBGZLM128F4221E63",4,9,4,5,3,8
"TRBHAAK128F92E27BF",4,10,4,2,8,7
"TRBHAFV128F425D48E",5,6,5,10,1,5
"TRBHAUR128F147481A",6,7,6,1,8,8
"TRBHBGB128F931E4CF",10,9,10,1,9,7
"TRBHCQA128F149F192",6,4,5,3,2,6
"TRBHCXR128F92E7D0E",10,7,6,1,1,8
"TRBHDGL128F42324A7",1,9,6,8,3,8
"TRBHDTL128F1468F7D",3,9,7,7,1,9
"TRBHEBY128F148CF2B",5,10,1,7,2,9
"TRBHEVR128F4263CE0",5,6,3,7,8,8
"TRBHFBL128F14537D2",5,4,6,1,10,10
"TRBHFDA128F4270728",10,6,6,10,5,10
"TRBHGDD128F1486C2E",6,6,4,7,3,9
"TRBHGKH128F427FB11",10,4,2,3,1,5
"TRBHGUK128E078E031",6,7,2,9,6,7
"TRBHGVH128F148AD73",6,10,1,7,5,4
"TRBHHFG128F93353FE",10,6,10,1,1,9
"TRBHHMI128F426779C",6,4,2,1,6,8
"TRBHHUC128F4294C6F",2,7,5,3,1,9
"TRBHHWQ128F93321AB",3,4,3,2,2,8
"TRBHIJC128F92E55E2",10,10,6,9,4,10
"TRBHIRB128F1452ACC",2,10,7,3,10,10
"TRBHIVF128E078DB92",10,4,6,3,8,10
"TRBHJAY128F14A9061",1,10,3,7,2,9
"TRBHJFG128F426C8EA",6,4,2,1,2,9
"TRBHJJP128F145EA12",1,6,7,2,7,9
"TRBHJLT128F1460832",6,4,7,6,4,3
"TRBHJPQ128E078ED8F",9,3,1,4,10,8
"TRBHJUJ128F92EBE24",6,4,5,1,1,8
"TRBHKCL128F425A036",2,7,1,3,8,6
"TRBHKKK128F427E9FF",6,4,6,5,1,8
"TRBHKXX128F4252D02",5,4,5,3,10,3
"TRBHLBL12903D0137C",6,7,1,9,5,4
"TRBHLDQ128F423EF10",9,10,5,3,3,4
"TRBHLGE128F42A64E5",6,3,1,2,8,7
"TRBHMHM12903CD9C85",9,4,1,4,5,1
"TRBHMMC128F424991B",5,4,2,1,3,10
"TRBHMZS128F42658FF",10,10,5,2,8,10
"TRBHNEU128F426E873",5,4,2,2,7,9
"TRBHNHZ128F42A6BEF",5,10,2,4,8,10
"TRBHNUB12903CC2475",10,10,5,5,10,8
"TRBHOEV128F4279182",10,10,5,10,1,9
"TRBHOXV128F92FBB72",10,4,10,10,5,10
"TRBHPGG128F428C972",10,7,1,7,10,8
"TRBHQHN128F148A1B3",1,4,5,7,8,8
"TRBHQUM128F9309DE1",5,2,2,1,4,8
"TRBHQXZ128F42408ED",6,7,5,3,6,6
"TRBHRLX128F93466B9",6,7,2,4,1,9
"TRBHRME128F42537E5",9,9,4,7,3,8
"TRBHSDN128F4274E9F",10,4,8,7,1,9
"TRBHSMF128F4285B9C",1,6,5,7,6,9
"TRBHSVR128F9324499",10,6,5,10,6,6
"TRBHSWH12903D07A35",5,10,5,9,8,5
"TRBHTKF128F92CC5D2",5,10,3,2,8,6
"TRBHTOR128F428CADE",9,8,4,5,3,8
"TRBHTSP128F9307CC3",10,4,2,4,10,1
"TRBHUDB128F429A663",10,9,10,4,2,9
"TRBHUEU12903CB049A",4,7,4,1,3,9
"TRBHUPU128F4230F81",1,9,7,2,5,1
"TRBHUUZ128F425C46F",3,10,7,7,2,9
"TRBHUVB128F148ADB8",5,4,5,7,1,10
"TRBHWOM128F9322A72",6,1,7,2,1,6
"TRBHYAU128F9334703",1,3,2,7,10,8
"TRBHYIK128F92E210B",2,6,7,2,7,7
"TRBHYTA128F93425AC",3,10,7,3,9,1
"TRBHYYH128F42390AC",4,8,6,3,6,3
"TRBHZAA128F4271AE9",9,6,10,10,6,9
"TRBHZUN12903CA60F7",9,4,6,4,5,7
"TRBHZYO128E07862BE",5,6,5,3,10,4
"TRBIAVU128EF3493BA",5,4,3,2,1,4
"TRBIBAQ128F93279F5",6,4,1,1,4,9
"TRBIBKA128F42947BF",5,3,10,4,3,10
"TRBIBTU128F92FDC9D",3,6,7,9,10,3
"TRBIBVM128F4262E9D",4,9,4,7,3,8
"TRBICGT128E0792473",3,4,7,5,9,9
"TRBICRP128F42882BB",1,4,1,8,3,4
"TRBICVB128F9326B65",6,4,8,1,8,9
"TRBIDUD128F92FA11C",9,3,10,4,4,9
"TRBIDUK128F42806A4",10,9,8,1,5,7
"TRBIERO12903CC4BF5",9,9,1,7,9,10
"TRBIFGK128F92F23A2",6,9,1,8,2,6
"TRBIFOK128EF362D20",2,6,7,1,8,10
"TRBIFUD128F1495AE2",5,3,5,3,8,4
"TRBIGGV12903CABC77",1,4,3,10,7,6
"TRBIGLR128F92E87DD",9,7,10,1,2,8
"TRBIGRU128F145B139",1,10,3,3,1,9
"TRBIGRY128F42597B3",9,10,6,7,1,4
"TRBIGTG128F92EDBAC",6,3,6,3,1,6
"TRBIHAU128F425C317",6,9,8,3,2,6
"TRBIIEU128F9307C88",6,7,1,1,3,8
"TRBIIOT128F423C594",9,10,1,4,8,1
"TRBIIXI128F9344121",5,3,5,2,5,6
"TRBIJES12903CF5B12",7,10,7,9,6,3
"TRBIJFB128F92ED124",10,4,1,4,10,8
"TRBIJMU12903CF892B",3,10,7,8,7,3
"TRBIJYB128F14AE326",6,10,6,1,2,9
